data,S_R1,LT_R1,Anno,Mese,day_of_week
2018-09-01,1276.0,50173.718,2018,9,Saturday
2018-09-02,1070.0,43169.7749,2018,9,Sunday
2018-09-03,657.0,24781.9411,2018,9,Monday
2018-09-04,647.0,25100.7771,2018,9,Tuesday
2018-09-05,635.0,23516.6743,2018,9,Wednesday
2018-09-06,652.0,25286.4206,2018,9,Thursday
2018-09-07,886.0,33740.1176,2018,9,Friday
2018-09-08,1097.0,43120.9583,2018,9,Saturday
2018-09-09,874.0,33189.506,2018,9,Sunday
2018-09-10,627.0,24600.427600000003,2018,9,Monday
2018-09-11,589.0,22109.0051,2018,9,Tuesday
2018-09-12,617.0,24504.4877,2018,9,Wednesday
2018-09-13,576.0,20429.4167,2018,9,Thursday
2018-09-14,803.0,30030.4277,2018,9,Friday
2018-09-15,1308.0,47756.3051,2018,9,Saturday
2018-09-16,835.0,34824.2839,2018,9,Sunday
2018-09-17,521.0,18185.7529,2018,9,Monday
2018-09-18,563.0,19944.4308,2018,9,Tuesday
2018-09-19,548.0,20697.8667,2018,9,Wednesday
2018-09-20,711.0,24180.324,2018,9,Thursday
2018-09-21,778.0,28866.3872,2018,9,Friday
2018-09-22,1174.0,44237.256,2018,9,Saturday
2018-09-23,1009.0,41700.81649999999,2018,9,Sunday
2018-09-24,460.0,14256.553499999998,2018,9,Monday
2018-09-25,502.0,17540.11,2018,9,Tuesday
2018-09-26,470.0,14974.8844,2018,9,Wednesday
2018-09-27,490.0,15685.6987,2018,9,Thursday
2018-09-28,835.0,28288.2698,2018,9,Friday
2018-09-29,1202.0,46114.8779,2018,9,Saturday
2018-09-30,924.0,33820.2396,2018,9,Sunday
2018-10-01,444.0,15523.6375,2018,10,Monday
2018-10-02,486.0,16627.38,2018,10,Tuesday
2018-10-03,454.0,14708.582,2018,10,Wednesday
2018-10-04,427.0,14978.6427,2018,10,Thursday
2018-10-05,770.0,27578.901,2018,10,Friday
2018-10-06,1292.0,46877.2346,2018,10,Saturday
2018-10-07,907.0,36216.5482,2018,10,Sunday
2018-10-08,411.0,14180.768,2018,10,Monday
2018-10-09,406.0,12889.5235,2018,10,Tuesday
2018-10-10,483.0,17163.6605,2018,10,Wednesday
2018-10-11,483.0,17848.2906,2018,10,Thursday
2018-10-12,772.0,28371.861,2018,10,Friday
2018-10-13,1220.0,45786.0473,2018,10,Saturday
2018-10-14,907.0,36393.4774,2018,10,Sunday
2018-10-15,436.0,15452.9732,2018,10,Monday
2018-10-16,398.0,13483.5414,2018,10,Tuesday
2018-10-17,468.0,14795.3946,2018,10,Wednesday
2018-10-18,430.0,14319.4947,2018,10,Thursday
2018-10-19,762.0,28299.6686,2018,10,Friday
2018-10-20,1291.0,47465.222700000006,2018,10,Saturday
2018-10-21,888.0,33582.4342,2018,10,Sunday
2018-10-22,425.0,15426.1695,2018,10,Monday
2018-10-23,404.0,12978.938,2018,10,Tuesday
2018-10-24,462.0,16133.8863,2018,10,Wednesday
2018-10-25,431.0,14780.444,2018,10,Thursday
2018-10-26,654.0,25215.5911,2018,10,Friday
2018-10-27,1227.0,45696.3024,2018,10,Saturday
2018-10-28,108.5,40173.336,2018,10,Sunday
2018-10-29,344.0,11255.6129,2018,10,Monday
2018-10-30,446.0,16006.8888,2018,10,Tuesday
2018-10-31,997.0,37868.9612,2018,10,Wednesday
2018-11-01,952.0,39120.2273,2018,11,Thursday
2018-11-02,863.0,33632.9028,2018,11,Friday
2018-11-03,1364.0,50738.9911,2018,11,Saturday
2018-11-04,972.0,39085.6179,2018,11,Sunday
2018-11-05,378.0,13282.7821,2018,11,Monday
2018-11-06,378.0,13787.3855,2018,11,Tuesday
2018-11-07,418.0,16150.1585,2018,11,Wednesday
2018-11-08,424.0,17426.080700000002,2018,11,Thursday
2018-11-09,660.0,24391.4496,2018,11,Friday
2018-11-10,1156.0,45704.8102,2018,11,Saturday
2018-11-11,894.0,37150.0934,2018,11,Sunday
2018-11-12,386.0,14014.9898,2018,11,Monday
2018-11-13,415.0,13847.7248,2018,11,Tuesday
2018-11-14,487.0,16556.8809,2018,11,Wednesday
2018-11-15,465.0,16609.4145,2018,11,Thursday
2018-11-16,767.0,30500.8347,2018,11,Friday
2018-11-17,1225.0,48436.2683,2018,11,Saturday
2018-11-18,998.0,41139.46689999999,2018,11,Sunday
2018-11-19,418.0,14022.3825,2018,11,Monday
2018-11-20,464.0,16850.7304,2018,11,Tuesday
2018-11-21,506.0,16893.5998,2018,11,Wednesday
2018-11-22,526.0,15953.9422,2018,11,Thursday
2018-11-23,904.0,34229.646499999995,2018,11,Friday
2018-11-24,1391.0,50841.6629,2018,11,Saturday
2018-11-25,1075.0,42655.7551,2018,11,Sunday
2018-11-26,446.0,15433.4383,2018,11,Monday
2018-11-27,419.0,14479.2844,2018,11,Tuesday
2018-11-28,444.0,15350.9622,2018,11,Wednesday
2018-11-29,440.0,16063.0568,2018,11,Thursday
2018-11-30,744.0,27795.6434,2018,11,Friday
2018-12-01,1608.0,57001.4753,2018,12,Saturday
2018-12-02,1001.0,43292.60109999999,2018,12,Sunday
2018-12-03,513.0,17741.4888,2018,12,Monday
2018-12-04,456.0,16201.164,2018,12,Tuesday
2018-12-05,505.0,18659.1335,2018,12,Wednesday
2018-12-06,563.0,17746.279599999998,2018,12,Thursday
2018-12-07,821.0,30375.9022,2018,12,Friday
2018-12-08,1437.0,53894.228500000005,2018,12,Saturday
2018-12-09,1009.0,40488.868,2018,12,Sunday
2018-12-10,512.0,17693.4982,2018,12,Monday
2018-12-11,523.0,20298.4957,2018,12,Tuesday
2018-12-12,609.0,22171.8224,2018,12,Wednesday
2018-12-13,506.0,19377.175300000003,2018,12,Thursday
2018-12-14,784.0,29398.6616,2018,12,Friday
2018-12-15,1424.0,58347.6488,2018,12,Saturday
2018-12-16,1076.0,45289.2083,2018,12,Sunday
2018-12-17,576.0,19910.110500000003,2018,12,Monday
2018-12-18,589.0,21834.484,2018,12,Tuesday
2018-12-19,600.0,20643.9289,2018,12,Wednesday
2018-12-20,779.0,27330.6467,2018,12,Thursday
2018-12-21,1052.0,39741.751,2018,12,Friday
2018-12-22,1387.0,54617.3089,2018,12,Saturday
2018-12-23,1304.0,54765.3281,2018,12,Sunday
2018-12-24,558.0,20792.0307,2018,12,Monday
2018-12-25,254.0,9022.5219,2018,12,Tuesday
2018-12-26,967.0,37116.9295,2018,12,Wednesday
2018-12-27,840.0,31029.5573,2018,12,Thursday
2018-12-28,993.0,38614.7566,2018,12,Friday
2018-12-29,1319.0,51785.5744,2018,12,Saturday
2018-12-30,1091.0,44852.4195,2018,12,Sunday
2018-12-31,337.0,12884.774,2018,12,Monday
2019-01-01,726.0,30703.3699,2019,1,Tuesday
2019-01-02,760.0,30648.9365,2019,1,Wednesday
2019-01-03,793.0,31904.5391,2019,1,Thursday
2019-01-04,867.0,33885.7414,2019,1,Friday
2019-01-05,1489.0,59857.4942,2019,1,Saturday
2019-01-06,1030.0,42351.7045,2019,1,Sunday
2019-01-07,390.0,13800.808,2019,1,Monday
2019-01-08,354.0,13333.4985,2019,1,Tuesday
2019-01-09,445.0,16763.1331,2019,1,Wednesday
2019-01-10,436.0,15645.679,2019,1,Thursday
2019-01-11,792.0,30200.212,2019,1,Friday
2019-01-12,1408.0,54824.841400000005,2019,1,Saturday
2019-01-13,1126.0,46652.31479999999,2019,1,Sunday
2019-01-14,433.0,14374.258499999998,2019,1,Monday
2019-01-15,453.0,16549.4882,2019,1,Tuesday
2019-01-16,469.0,18290.7375,2019,1,Wednesday
2019-01-17,461.0,17180.387,2019,1,Thursday
2019-01-18,764.0,27659.8077,2019,1,Friday
2019-01-19,1140.0,43707.3357,2019,1,Saturday
2019-01-20,1030.0,43359.8788,2019,1,Sunday
2019-01-21,412.0,14369.0134,2019,1,Monday
2019-01-22,417.0,14853.0907,2019,1,Tuesday
2019-01-23,261.0,8601.5097,2019,1,Wednesday
2019-01-24,493.0,17945.3043,2019,1,Thursday
2019-01-25,814.0,29744.2187,2019,1,Friday
2019-01-26,1355.0,51737.9968,2019,1,Saturday
2019-01-27,1043.0,40534.298,2019,1,Sunday
2019-01-28,460.0,15107.6226,2019,1,Monday
2019-01-29,423.0,15182.8712,2019,1,Tuesday
2019-01-30,353.0,13203.8991,2019,1,Wednesday
2019-01-31,364.0,13651.9215,2019,1,Thursday
2019-02-01,555.0,20688.0373,2019,2,Friday
2019-02-02,1199.0,48186.2381,2019,2,Saturday
2019-02-03,1091.0,45278.016,2019,2,Sunday
2019-02-04,457.0,16246.9657,2019,2,Monday
2019-02-05,443.0,16196.7036,2019,2,Tuesday
2019-02-06,498.0,17996.888000000003,2019,2,Wednesday
2019-02-07,383.0,14059.346,2019,2,Thursday
2019-02-08,688.0,25686.948,2019,2,Friday
2019-02-09,1288.0,48971.6402,2019,2,Saturday
2019-02-10,1003.0,41035.2257,2019,2,Sunday
2019-02-11,476.0,15557.9991,2019,2,Monday
2019-02-12,484.0,18111.4955,2019,2,Tuesday
2019-02-13,534.0,18390.3944,2019,2,Wednesday
2019-02-14,618.0,21889.7434,2019,2,Thursday
2019-02-15,796.0,28858.375,2019,2,Friday
2019-02-16,1322.0,50039.2865,2019,2,Saturday
2019-02-17,1041.0,42312.0152,2019,2,Sunday
2019-02-18,451.0,14010.1164,2019,2,Monday
2019-02-19,451.0,15405.3543,2019,2,Tuesday
2019-02-20,463.0,17032.7395,2019,2,Wednesday
2019-02-21,576.0,20018.6056,2019,2,Thursday
2019-02-22,803.0,30014.8576,2019,2,Friday
2019-02-23,1239.0,50395.4164,2019,2,Saturday
2019-02-24,998.0,38951.7233,2019,2,Sunday
2019-02-25,483.0,15351.1274,2019,2,Monday
2019-02-26,500.0,15926.932,2019,2,Tuesday
2019-02-27,548.0,17414.145,2019,2,Wednesday
2019-02-28,590.0,19417.6493,2019,2,Thursday
2019-03-01,826.0,29498.4837,2019,3,Friday
2019-03-02,1404.0,47950.7455,2019,3,Saturday
2019-03-03,697.0,40296.2861,2019,3,Sunday
2019-03-04,667.0,24728.7467,2019,3,Monday
2019-03-05,580.0,22374.0685,2019,3,Tuesday
2019-03-06,534.0,18476.794,2019,3,Wednesday
2019-03-07,467.0,16547.257999999998,2019,3,Thursday
2019-03-08,794.0,29114.6415,2019,3,Friday
2019-03-09,1319.0,47902.1354,2019,3,Saturday
2019-03-10,993.0,38111.9291,2019,3,Sunday
2019-03-11,452.0,13583.7352,2019,3,Monday
2019-03-12,461.0,16704.610999999997,2019,3,Tuesday
2019-03-13,510.0,17233.7053,2019,3,Wednesday
2019-03-14,522.0,16865.4745,2019,3,Thursday
2019-03-15,720.0,25375.5873,2019,3,Friday
2019-03-16,1364.0,49362.0904,2019,3,Saturday
2019-03-17,1111.0,43712.2091,2019,3,Sunday
2019-03-18,541.0,17810.2946,2019,3,Monday
2019-03-19,518.0,18320.1431,2019,3,Tuesday
2019-03-20,457.0,16606.7713,2019,3,Wednesday
2019-03-21,545.0,17414.1037,2019,3,Thursday
2019-03-22,830.0,29682.8056,2019,3,Friday
2019-03-23,1272.0,47387.3309,2019,3,Saturday
2019-03-24,990.0,37697.0293,2019,3,Sunday
2019-03-25,426.0,14460.6581,2019,3,Monday
2019-03-26,487.0,15978.144,2019,3,Tuesday
2019-03-27,516.0,17763.956,2019,3,Wednesday
2019-03-28,830.0,20304.6907,2019,3,Thursday
2019-03-29,742.0,25614.9621,2019,3,Friday
2019-03-30,1285.0,45659.3802,2019,3,Saturday
2019-03-31,974.0,37918.4386,2019,3,Sunday
2019-04-01,556.0,18008.823699999997,2019,4,Monday
2019-04-02,494.0,16154.3298,2019,4,Tuesday
2019-04-03,509.0,19452.3413,2019,4,Wednesday
2019-04-04,514.0,16374.0045,2019,4,Thursday
2019-04-05,865.0,30097.0033,2019,4,Friday
2019-04-06,1275.0,48171.2462,2019,4,Saturday
2019-04-07,1246.0,47832.7514,2019,4,Sunday
2019-04-08,491.0,15657.6147,2019,4,Monday
2019-04-09,506.0,17590.4134,2019,4,Tuesday
2019-04-10,472.0,15746.9879,2019,4,Wednesday
2019-04-11,556.0,19755.442,2019,4,Thursday
2019-04-12,891.0,31663.058,2019,4,Friday
2019-04-13,1301.0,47704.5149,2019,4,Saturday
2019-04-14,1164.0,49053.0012,2019,4,Sunday
2019-04-15,530.0,17858.3678,2019,4,Monday
2019-04-16,531.0,18450.0316,2019,4,Tuesday
2019-04-17,710.0,25177.6777,2019,4,Wednesday
2019-04-18,911.0,31712.2876,2019,4,Thursday
2019-04-19,900.0,30804.0593,2019,4,Friday
2019-04-20,1338.0,48318.0264,2019,4,Saturday
2019-04-21,290.0,11512.5815,2019,4,Sunday
2019-04-22,738.0,27703.0488,2019,4,Monday
2019-04-23,867.0,32018.9401,2019,4,Tuesday
2019-04-24,969.0,35400.005900000004,2019,4,Wednesday
2019-04-25,1153.0,46688.2045,2019,4,Thursday
2019-04-26,1027.0,40188.4105,2019,4,Friday
2019-04-27,1302.0,45953.0232,2019,4,Saturday
2019-04-28,1302.0,34191.1136,2019,4,Sunday
2019-04-29,587.0,20027.0308,2019,4,Monday
2019-04-30,795.0,29059.6712,2019,4,Tuesday
2019-05-01,799.0,29939.3612,2019,5,Wednesday
2019-05-02,457.0,15014.202,2019,5,Thursday
2019-05-03,891.0,31372.0169,2019,5,Friday
2019-05-04,1119.0,40843.5524,2019,5,Saturday
2019-05-05,1297.0,47083.9411,2019,5,Sunday
2019-05-06,482.0,16516.5721,2019,5,Monday
2019-05-07,463.0,16894.178,2019,5,Tuesday
2019-05-08,524.0,19005.6818,2019,5,Wednesday
2019-05-09,550.0,19416.2451,2019,5,Thursday
2019-05-10,844.0,30782.2529,2019,5,Friday
2019-05-11,1283.0,45998.08149999999,2019,5,Saturday
2019-05-12,1043.0,39701.0292,2019,5,Sunday
2019-05-13,514.0,18070.2368,2019,5,Monday
2019-05-14,515.0,16174.5255,2019,5,Tuesday
2019-05-15,602.0,22175.4568,2019,5,Wednesday
2019-05-16,709.0,21180.1681,2019,5,Thursday
2019-05-17,843.0,29767.0163,2019,5,Friday
2019-05-18,1349.0,54526.5728,2019,5,Saturday
2019-05-19,1135.0,45649.1791,2019,5,Sunday
2019-05-20,459.0,15327.5864,2019,5,Monday
2019-05-21,477.0,17349.882199999996,2019,5,Tuesday
2019-05-22,551.0,19886.4456,2019,5,Wednesday
2019-05-23,626.0,22054.8195,2019,5,Thursday
2019-05-24,787.0,27919.8325,2019,5,Friday
2019-05-25,1129.0,43821.6541,2019,5,Saturday
2019-05-26,1021.0,41155.037,2019,5,Sunday
2019-05-27,633.0,22416.1945,2019,5,Monday
2019-05-28,539.0,16888.395999999997,2019,5,Tuesday
2019-05-29,577.0,17888.269,2019,5,Wednesday
2019-05-30,569.0,18231.472,2019,5,Thursday
2019-05-31,735.0,23787.4371,2019,5,Friday
2019-06-01,1130.0,38434.3169,2019,6,Saturday
2019-06-02,906.0,32653.3494,2019,6,Sunday
2019-06-03,481.0,15775.5675,2019,6,Monday
2019-06-04,495.0,16360.7885,2019,6,Tuesday
2019-06-05,533.0,16917.6364,2019,6,Wednesday
2019-06-06,540.0,17805.3386,2019,6,Thursday
2019-06-07,754.0,28651.6685,2019,6,Friday
2019-06-08,1049.0,37643.050200000005,2019,6,Saturday
2019-06-09,1037.0,38895.0184,2019,6,Sunday
2019-06-10,533.0,18917.8367,2019,6,Monday
2019-06-11,551.0,19031.04,2019,6,Tuesday
2019-06-12,499.0,17982.7634,2019,6,Wednesday
2019-06-13,555.0,19183.3544,2019,6,Thursday
2019-06-14,779.0,29269.392600000003,2019,6,Friday
2019-06-15,1001.0,39005.2481,2019,6,Saturday
2019-06-16,921.0,34082.412,2019,6,Sunday
2019-06-17,535.0,17615.069499999998,2019,6,Monday
2019-06-18,484.0,17510.456599999998,2019,6,Tuesday
2019-06-19,506.0,18298.2541,2019,6,Wednesday
2019-06-20,596.0,20386.5473,2019,6,Thursday
2019-06-21,742.0,27277.4523,2019,6,Friday
2019-06-22,1146.0,41079.0037,2019,6,Saturday
2019-06-23,842.0,30324.2772,2019,6,Sunday
2019-06-24,515.0,18263.4382,2019,6,Monday
2019-06-25,556.0,18811.2414,2019,6,Tuesday
2019-06-26,567.0,18930.3919,2019,6,Wednesday
2019-06-27,593.0,19361.853000000003,2019,6,Thursday
2019-06-28,775.0,29079.5778,2019,6,Friday
2019-06-29,921.0,34541.6267,2019,6,Saturday
2019-06-30,1049.0,37957.3019,2019,6,Sunday
2019-07-01,594.0,20283.2973,2019,7,Monday
2019-07-02,619.0,20282.843,2019,7,Tuesday
2019-07-03,646.0,20301.4693,2019,7,Wednesday
2019-07-04,585.0,20276.7719,2019,7,Thursday
2019-07-05,844.0,28498.652,2019,7,Friday
2019-07-06,1240.0,44918.8712,2019,7,Saturday
2019-07-07,1099.0,41060.4187,2019,7,Sunday
2019-07-08,624.0,20743.9575,2019,7,Monday
2019-07-09,683.0,23388.8095,2019,7,Tuesday
2019-07-10,872.0,28221.8181,2019,7,Wednesday
2019-07-11,695.0,24582.173000000003,2019,7,Thursday
2019-07-12,889.0,31717.4088,2019,7,Friday
2019-07-13,1294.0,46550.882,2019,7,Saturday
2019-07-14,1167.0,46032.3605,2019,7,Sunday
2019-07-15,811.0,29288.5145,2019,7,Monday
2019-07-16,558.0,19406.0853,2019,7,Tuesday
2019-07-17,597.0,20982.2172,2019,7,Wednesday
2019-07-18,659.0,22717.7258,2019,7,Thursday
2019-07-19,773.0,25929.0073,2019,7,Friday
2019-07-20,1128.0,42456.5239,2019,7,Saturday
2019-07-21,979.0,35529.481400000004,2019,7,Sunday
2019-07-22,645.0,20603.2897,2019,7,Monday
2019-07-23,568.0,19744.8692,2019,7,Tuesday
2019-07-24,616.0,20042.5183,2019,7,Wednesday
2019-07-25,596.0,21101.1612,2019,7,Thursday
2019-07-26,783.0,26994.0517,2019,7,Friday
2019-07-27,1221.0,45206.2779,2019,7,Saturday
2019-07-28,1263.0,50164.5494,2019,7,Sunday
2019-07-29,628.0,20588.05,2019,7,Monday
2019-07-30,580.0,20156.1346,2019,7,Tuesday
2019-07-31,621.0,20257.3196,2019,7,Wednesday
2019-08-01,656.0,23366.714,2019,8,Thursday
2019-08-02,764.0,27685.455,2019,8,Friday
2019-08-03,1012.0,36685.7575,2019,8,Saturday
2019-08-04,946.0,33761.6349,2019,8,Sunday
2019-08-05,633.0,21542.08,2019,8,Monday
2019-08-06,600.0,20020.7945,2019,8,Tuesday
2019-08-07,628.0,21902.5464,2019,8,Wednesday
2019-08-08,670.0,24752.2464,2019,8,Thursday
2019-08-09,675.0,23561.6087,2019,8,Friday
2019-08-10,990.0,35623.480200000005,2019,8,Saturday
2019-08-11,882.0,32705.7178,2019,8,Sunday
2019-08-12,648.0,26147.2365,2019,8,Monday
2019-08-13,669.0,24415.9818,2019,8,Tuesday
2019-08-14,667.0,24896.5073,2019,8,Wednesday
2019-08-15,254.0,10313.2295,2019,8,Thursday
2019-08-16,668.0,26041.0129,2019,8,Friday
2019-08-17,973.0,33865.0501,2019,8,Saturday
2019-08-18,843.0,32572.7731,2019,8,Sunday
2019-08-19,683.0,23475.2504,2019,8,Monday
2019-08-20,591.0,21555.5025,2019,8,Tuesday
2019-08-21,700.0,28569.3576,2019,8,Wednesday
2019-08-22,679.0,25388.1838,2019,8,Thursday
2019-08-23,826.0,30290.3699,2019,8,Friday
2019-08-24,1218.0,46496.1182,2019,8,Saturday
2019-08-25,1012.0,39501.1785,2019,8,Sunday
2019-08-26,596.0,20867.2793,2019,8,Monday
2019-08-27,600.0,21742.9219,2019,8,Tuesday
2019-08-28,833.0,30666.8607,2019,8,Wednesday
2019-08-29,691.0,25748.2785,2019,8,Thursday
2019-08-30,844.0,28726.628,2019,8,Friday
2019-08-31,949.0,42165.6893,2019,8,Saturday
2019-09-01,1128.0,43535.8994,2019,9,Sunday
2019-09-02,600.0,22753.822,2019,9,Monday
2019-09-03,681.0,23561.0718,2019,9,Tuesday
2019-09-04,732.0,26180.0287,2019,9,Wednesday
2019-09-05,773.0,27926.4818,2019,9,Thursday
2019-09-06,1047.0,36713.387200000005,2019,9,Friday
2019-09-07,1273.0,46133.9172,2019,9,Saturday
2019-09-08,1092.0,45034.8416,2019,9,Sunday
2019-09-09,716.0,26511.0482,2019,9,Monday
2019-09-10,687.0,26635.196,2019,9,Tuesday
2019-09-11,670.0,23862.0249,2019,9,Wednesday
2019-09-12,608.0,22867.1905,2019,9,Thursday
2019-09-13,878.0,31954.223,2019,9,Friday
2019-09-14,1230.0,48886.6861,2019,9,Saturday
2019-09-15,1104.0,42850.1129,2019,9,Sunday
2019-09-16,492.0,17751.2356,2019,9,Monday
2019-09-17,580.0,19030.1727,2019,9,Tuesday
2019-09-18,610.0,21301.6727,2019,9,Wednesday
2019-09-19,728.0,23893.7433,2019,9,Thursday
2019-09-20,864.0,31695.0242,2019,9,Friday
2019-09-21,1202.0,46562.5699,2019,9,Saturday
2019-09-22,1037.0,42060.9938,2019,9,Sunday
2019-09-23,484.0,17323.4915,2019,9,Monday
2019-09-24,473.0,17643.773,2019,9,Tuesday
2019-09-25,494.0,18163.1205,2019,9,Wednesday
2019-09-26,493.0,17483.611599999997,2019,9,Thursday
2019-09-27,806.0,29415.3881,2019,9,Friday
2019-09-28,1186.0,46521.7655,2019,9,Saturday
2019-09-29,1071.0,41901.9888,2019,9,Sunday
2019-09-30,447.0,14922.8877,2019,9,Monday
2019-10-01,457.0,16554.692,2019,10,Tuesday
2019-10-02,461.0,17089.2792,2019,10,Wednesday
2019-10-03,511.0,18604.3697,2019,10,Thursday
2019-10-04,731.0,26670.714,2019,10,Friday
2019-10-05,1174.0,46057.0992,2019,10,Saturday
2019-10-06,1075.0,42094.1577,2019,10,Sunday
2019-10-07,471.0,17471.965,2019,10,Monday
2019-10-08,467.0,19039.0935,2019,10,Tuesday
2019-10-09,520.0,18731.9454,2019,10,Wednesday
2019-10-10,532.0,18322.1255,2019,10,Thursday
2019-10-11,832.0,30182.0813,2019,10,Friday
2019-10-12,1312.0,50731.7223,2019,10,Saturday
2019-10-13,1101.0,45405.7982,2019,10,Sunday
2019-10-14,471.0,17108.7315,2019,10,Monday
2019-10-15,572.0,19393.8192,2019,10,Tuesday
2019-10-16,571.0,21150.556,2019,10,Wednesday
2019-10-17,533.0,18044.0113,2019,10,Thursday
2019-10-18,843.0,32797.9407,2019,10,Friday
2019-10-19,1319.0,53155.8258,2019,10,Saturday
2019-10-20,1235.0,47767.0431,2019,10,Sunday
2019-10-21,398.0,13923.3038,2019,10,Monday
2019-10-22,546.0,20844.936,2019,10,Tuesday
2019-10-23,524.0,19022.1192,2019,10,Wednesday
2019-10-24,524.0,19033.4767,2019,10,Thursday
2019-10-25,876.0,32141.5185,2019,10,Friday
2019-10-26,1401.0,55859.7781,2019,10,Saturday
2019-10-27,1153.0,48654.2497,2019,10,Sunday
2019-10-28,512.0,17937.870300000002,2019,10,Monday
2019-10-29,502.0,19354.006,2019,10,Tuesday
2019-10-30,570.0,20394.2704,2019,10,Wednesday
2019-10-31,1077.0,43788.6141,2019,10,Thursday
2019-11-01,1027.0,45152.8357,2019,11,Friday
2019-11-02,1339.0,55136.9868,2019,11,Saturday
2019-11-03,1209.0,49691.04489999999,2019,11,Sunday
2019-11-04,511.0,18468.3275,2019,11,Monday
2019-11-05,518.0,17940.8439,2019,11,Tuesday
2019-11-06,505.0,17327.9932,2019,11,Wednesday
2019-11-07,532.0,19112.4836,2019,11,Thursday
2019-11-08,841.0,30835.5299,2019,11,Friday
2019-11-09,1349.0,52177.5527,2019,11,Saturday
2019-11-10,1260.0,50998.7681,2019,11,Sunday
2019-11-11,456.0,16405.1447,2019,11,Monday
2019-11-12,499.0,18466.8407,2019,11,Tuesday
2019-11-13,531.0,18916.9281,2019,11,Wednesday
2019-11-14,512.0,18187.0745,2019,11,Thursday
2019-11-15,807.0,30181.9987,2019,11,Friday
2019-11-16,1274.0,51301.8688,2019,11,Saturday
2019-11-17,1300.0,53538.8007,2019,11,Sunday
2019-11-18,510.0,17128.142499999998,2019,11,Monday
2019-11-19,502.0,16849.987,2019,11,Tuesday
2019-11-20,579.0,18852.4175,2019,11,Wednesday
2019-11-21,603.0,21149.9778,2019,11,Thursday
2019-11-22,864.0,30814.5082,2019,11,Friday
2019-11-23,1367.0,50245.0431,2019,11,Saturday
2019-11-24,1277.0,50250.536,2019,11,Sunday
2019-11-25,494.0,16595.7442,2019,11,Monday
2019-11-26,473.0,16509.8402,2019,11,Tuesday
2019-11-27,556.0,20500.2875,2019,11,Wednesday
2019-11-28,534.0,20237.6195,2019,11,Thursday
2019-11-29,948.0,37128.9891,2019,11,Friday
2019-11-30,412.0,56724.3936,2019,11,Saturday
2019-12-01,1258.0,54639.7348,2019,12,Sunday
2019-12-02,542.0,20297.6697,2019,12,Monday
2019-12-03,527.0,17806.6602,2019,12,Tuesday
2019-12-04,568.0,21011.5815,2019,12,Wednesday
2019-12-05,550.0,20553.4819,2019,12,Thursday
2019-12-06,859.0,32666.4415,2019,12,Friday
2019-12-07,1250.0,48009.8871,2019,12,Saturday
2019-12-08,1297.0,52285.5935,2019,12,Sunday
2019-12-09,597.0,23177.4774,2019,12,Monday
2019-12-10,703.0,22693.6066,2019,12,Tuesday
2019-12-11,620.0,25914.5936,2019,12,Wednesday
2019-12-12,702.0,22065.0206,2019,12,Thursday
2019-12-13,850.0,33612.1702,2019,12,Friday
2019-12-14,1457.0,58477.083,2019,12,Saturday
2019-12-15,1260.0,54871.0148,2019,12,Sunday
2019-12-16,577.0,20713.3955,2019,12,Monday
2019-12-17,620.0,22363.7435,2019,12,Tuesday
2019-12-18,674.0,26697.8481,2019,12,Wednesday
2019-12-19,808.0,29051.9894,2019,12,Thursday
2019-12-20,1005.0,39230.9526,2019,12,Friday
2019-12-21,1611.0,64084.6731,2019,12,Saturday
2019-12-22,1496.0,63740.5615,2019,12,Sunday
2019-12-23,951.0,37414.4134,2019,12,Monday
2019-12-24,554.0,21593.7463,2019,12,Tuesday
2019-12-25,340.0,12395.6994,2019,12,Wednesday
2019-12-26,976.0,40848.8388,2019,12,Thursday
2019-12-27,1104.0,43701.016800000005,2019,12,Friday
2019-12-28,1521.0,56494.3113,2019,12,Saturday
2019-12-29,1219.0,48248.5598,2019,12,Sunday
2019-12-30,894.0,36371.38189999999,2019,12,Monday
2019-12-31,361.0,14662.1608,2019,12,Tuesday
2020-01-01,1056.0,41893.2332,2020,1,Wednesday
2020-01-02,969.0,38404.1266,2020,1,Thursday
2020-01-03,945.0,38516.3387,2020,1,Friday
2020-01-04,1485.0,59886.3216,2020,1,Saturday
2020-01-05,1411.0,53588.6911,2020,1,Sunday
2020-01-06,765.0,30551.1794,2020,1,Monday
2020-01-07,465.0,15135.4175,2020,1,Tuesday
2020-01-08,448.0,15490.804,2020,1,Wednesday
2020-01-09,466.0,17125.003699999997,2020,1,Thursday
2020-01-10,801.0,28506.2099,2020,1,Friday
2020-01-11,1364.0,49973.6608,2020,1,Saturday
2020-01-12,1169.0,48099.219,2020,1,Sunday
2020-01-13,435.0,14580.3042,2020,1,Monday
2020-01-14,473.0,17122.236599999997,2020,1,Tuesday
2020-01-15,492.0,16908.9634,2020,1,Wednesday
2020-01-16,539.0,19622.456,2020,1,Thursday
2020-01-17,779.0,30126.4915,2020,1,Friday
2020-01-18,1191.0,49257.1058,2020,1,Saturday
2020-01-19,1237.0,51030.8582,2020,1,Sunday
2020-01-20,458.0,16644.2717,2020,1,Monday
2020-01-21,440.0,15412.4992,2020,1,Tuesday
2020-01-22,519.0,18928.1204,2020,1,Wednesday
2020-01-23,590.0,20172.7372,2020,1,Thursday
2020-01-24,741.0,26761.1197,2020,1,Friday
2020-01-25,1461.0,52321.731,2020,1,Saturday
2020-01-26,1148.0,47245.6719,2020,1,Sunday
2020-01-27,443.0,13741.8316,2020,1,Monday
2020-01-28,476.0,15339.7286,2020,1,Tuesday
2020-01-29,507.0,16352.6524,2020,1,Wednesday
2020-01-30,522.0,17050.5398,2020,1,Thursday
2020-01-31,838.0,28671.6577,2020,1,Friday
2020-02-01,1395.0,54272.4539,2020,2,Saturday
2020-02-02,1291.0,48978.8264,2020,2,Sunday
2020-02-03,475.0,16004.3695,2020,2,Monday
2020-02-04,491.0,17358.844299999997,2020,2,Tuesday
2020-02-05,548.0,19896.0685,2020,2,Wednesday
2020-02-06,517.0,19575.1262,2020,2,Thursday
2020-02-07,761.0,27943.2496,2020,2,Friday
2020-02-08,1303.0,47558.189,2020,2,Saturday
2020-02-09,1170.0,48402.9805,2020,2,Sunday
2020-02-10,463.0,14269.8521,2020,2,Monday
2020-02-11,495.0,17537.962399999997,2020,2,Tuesday
2020-02-12,560.0,19238.4073,2020,2,Wednesday
2020-02-13,540.0,18023.32,2020,2,Thursday
2020-02-14,966.0,36084.0991,2020,2,Friday
2020-02-15,1264.0,48563.018,2020,2,Saturday
2020-02-16,1205.0,48491.6516,2020,2,Sunday
2020-02-17,524.0,18010.8474,2020,2,Monday
2020-02-18,450.0,15788.1227,2020,2,Tuesday
2020-02-19,492.0,17764.327699999998,2020,2,Wednesday
2020-02-20,549.0,20408.0646,2020,2,Thursday
2020-02-21,779.0,29835.8634,2020,2,Friday
2020-02-22,1086.0,38569.7396,2020,2,Saturday
2020-02-23,691.0,24885.728,2020,2,Sunday
2020-02-24,323.0,11270.0266,2020,2,Monday
2020-02-25,257.0,9490.9465,2020,2,Tuesday
2020-02-26,305.0,12292.7385,2020,2,Wednesday
2020-02-27,357.0,13385.1235,2020,2,Thursday
2020-02-28,496.0,19547.5791,2020,2,Friday
2020-02-29,605.0,24952.4275,2020,2,Saturday
2020-03-01,514.0,21281.1879,2020,3,Sunday
2020-03-02,402.0,14275.3037,2020,3,Monday
2020-03-03,445.0,15222.9322,2020,3,Tuesday
2020-03-04,448.0,15026.7572,2020,3,Wednesday
2020-03-05,461.0,15936.2658,2020,3,Thursday
2020-03-06,493.0,16584.8823,2020,3,Friday
2020-03-07,557.0,22880.4065,2020,3,Saturday
2020-03-08,232.0,8069.483099999999,2020,3,Sunday
2020-03-09,184.0,6215.5261,2020,3,Monday
2020-03-10,142.0,5036.7828,2020,3,Tuesday
2020-03-11,135.0,4600.4896,2020,3,Wednesday
2020-04-01,0.0,17257.96950092677,2020,4,Wednesday
2020-05-01,286.48943920893925,19538.44801223032,2020,5,Friday
2020-05-02,507.58381794131776,26584.260541239473,2020,5,Saturday
2020-05-03,420.8791726699228,23302.72433365621,2020,5,Sunday
2020-05-04,268.19747402597403,16560.527573600506,2020,5,Monday
2020-05-05,277.6001701724202,15950.142692418241,2020,5,Tuesday
2020-05-06,281.55205555555557,17484.722329094933,2020,5,Wednesday
2020-05-07,181.0,12871.4754,2020,5,Thursday
2020-05-08,239.0,15634.4867,2020,5,Friday
2020-05-09,296.0,21602.9562,2020,5,Saturday
2020-05-10,209.0,15185.597,2020,5,Sunday
2020-05-11,237.0,13828.3551,2020,5,Monday
2020-05-12,200.0,10743.5755,2020,5,Tuesday
2020-05-13,228.0,13869.4486,2020,5,Wednesday
2020-05-14,241.0,13042.953,2020,5,Thursday
2020-05-15,290.0,17025.7185,2020,5,Friday
2020-05-16,315.0,20383.7802,2020,5,Saturday
2020-05-17,273.0,18842.0925,2020,5,Sunday
2020-05-18,285.0,19258.603000000003,2020,5,Monday
2020-05-19,311.0,17777.7915,2020,5,Tuesday
2020-05-20,297.0,15532.723499999998,2020,5,Wednesday
2020-05-21,323.0,17538.458000000002,2020,5,Thursday
2020-05-22,287.0,19365.6939,2020,5,Friday
2020-05-23,458.0,27928.299,2020,5,Saturday
2020-05-24,457.0,24915.051,2020,5,Sunday
2020-05-25,326.0,16126.5762,2020,5,Monday
2020-05-26,321.0,16757.9293,2020,5,Tuesday
2020-05-27,307.0,14514.2655,2020,5,Wednesday
2020-05-28,329.0,14996.6082,2020,5,Thursday
2020-05-29,367.0,20746.7246,2020,5,Friday
2020-05-30,497.0,27750.9155,2020,5,Saturday
2020-05-31,490.0,25767.3591,2020,5,Sunday
2020-06-01,420.0,22085.8771,2020,6,Monday
2020-06-02,376.0,20132.1806,2020,6,Tuesday
2020-06-03,357.0,18173.7346,2020,6,Wednesday
2020-06-04,371.0,18404.8494,2020,6,Thursday
2020-06-05,384.0,17535.4844,2020,6,Friday
2020-06-06,568.0,28383.7554,2020,6,Saturday
2020-06-07,571.0,32679.2445,2020,6,Sunday
2020-06-08,376.0,19490.296,2020,6,Monday
2020-06-09,355.0,18862.4121,2020,6,Tuesday
2020-06-10,384.0,18211.7719,2020,6,Wednesday
2020-06-11,427.0,22308.4841,2020,6,Thursday
2020-06-12,430.0,22015.4193,2020,6,Friday
2020-06-13,525.0,27459.544,2020,6,Saturday
2020-06-14,477.0,26231.3233,2020,6,Sunday
2020-06-15,364.0,17662.8123,2020,6,Monday
2020-06-16,350.0,16443.595,2020,6,Tuesday
2020-06-17,374.0,18629.604,2020,6,Wednesday
2020-06-18,371.0,18638.9378,2020,6,Thursday
2020-06-19,424.0,20556.0425,2020,6,Friday
2020-06-20,485.0,25835.215,2020,6,Saturday
2020-06-21,467.0,23648.793,2020,6,Sunday
2020-06-22,296.0,12609.5095,2020,6,Monday
2020-06-23,347.0,15847.3882,2020,6,Tuesday
2020-06-24,383.0,17285.289,2020,6,Wednesday
2020-06-25,412.0,18413.2746,2020,6,Thursday
2020-06-26,422.0,21312.6585,2020,6,Friday
2020-06-27,501.0,23685.9217,2020,6,Saturday
2020-06-28,518.0,27816.789,2020,6,Sunday
2020-06-29,379.0,15876.9177,2020,6,Monday
2020-06-30,373.0,17074.8242,2020,6,Tuesday
2020-07-01,398.0,18346.9055,2020,7,Wednesday
2020-07-02,397.0,17577.197399999997,2020,7,Thursday
2020-07-03,434.0,19600.98,2020,7,Friday
2020-07-04,525.0,26488.0441,2020,7,Saturday
2020-07-05,465.0,23532.2857,2020,7,Sunday
2020-07-06,413.0,18032.0756,2020,7,Monday
2020-07-07,379.0,16290.785,2020,7,Tuesday
2020-07-08,387.0,16185.2635,2020,7,Wednesday
2020-07-09,338.0,15394.9054,2020,7,Thursday
2020-07-10,426.0,19792.4468,2020,7,Friday
2020-07-11,565.0,26232.1906,2020,7,Saturday
2020-07-12,554.0,27767.229,2020,7,Sunday
2020-07-13,386.0,16015.4792,2020,7,Monday
2020-07-14,392.0,16670.1668,2020,7,Tuesday
2020-07-15,422.0,19206.1107,2020,7,Wednesday
2020-07-16,427.0,18550.1015,2020,7,Thursday
2020-07-17,432.0,19364.950500000003,2020,7,Friday
2020-07-18,576.0,27742.6555,2020,7,Saturday
2020-07-19,511.0,26208.154,2020,7,Sunday
2020-07-20,355.0,15653.113,2020,7,Monday
2020-07-21,393.0,16064.3371,2020,7,Tuesday
2020-07-22,422.0,17667.1488,2020,7,Wednesday
2020-07-23,400.0,16652.6556,2020,7,Thursday
2020-07-24,450.0,21827.6695,2020,7,Friday
2020-07-25,579.0,27806.4227,2020,7,Saturday
2020-07-26,505.0,26145.9562,2020,7,Sunday
2020-07-27,389.0,16099.5247,2020,7,Monday
2020-07-28,332.0,13622.392,2020,7,Tuesday
2020-07-29,394.0,17532.8825,2020,7,Wednesday
2020-07-30,369.0,14791.6776,2020,7,Thursday
2020-07-31,444.0,19884.6697,2020,7,Friday
2020-08-01,518.0,24554.7085,2020,8,Saturday
2020-08-02,629.0,29837.5154,2020,8,Sunday
2020-08-03,504.0,21182.1505,2020,8,Monday
2020-08-04,493.0,20470.1385,2020,8,Tuesday
2020-08-05,415.0,17581.41,2020,8,Wednesday
2020-08-06,416.0,17926.884499999996,2020,8,Thursday
2020-08-07,441.0,19324.3526,2020,8,Friday
2020-08-08,547.0,26446.4963,2020,8,Saturday
2020-08-09,507.0,24409.539,2020,8,Sunday
2020-08-10,409.0,18872.448,2020,8,Monday
2020-08-11,397.0,18317.2108,2020,8,Tuesday
2020-08-12,416.0,18193.9303,2020,8,Wednesday
2020-08-13,442.0,16982.56,2020,8,Thursday
2020-08-14,477.0,22002.7402,2020,8,Friday
2020-08-15,188.0,9297.455999999998,2020,8,Saturday
2020-08-16,528.0,25704.707,2020,8,Sunday
2020-08-17,427.0,20705.5898,2020,8,Monday
2020-08-18,427.0,19457.545100000003,2020,8,Tuesday
2020-08-19,422.0,18785.8832,2020,8,Wednesday
2020-08-20,420.0,19337.8164,2020,8,Thursday
2020-08-21,409.0,17803.7692,2020,8,Friday
2020-08-22,557.0,26061.3325,2020,8,Saturday
2020-08-23,530.0,24601.997,2020,8,Sunday
2020-08-24,436.0,19275.949,2020,8,Monday
2020-08-25,415.0,17219.4568,2020,8,Tuesday
2020-08-26,413.0,20349.1295,2020,8,Wednesday
2020-08-27,452.0,20584.8699,2020,8,Thursday
2020-08-28,515.0,23187.059,2020,8,Friday
2020-08-29,726.0,31625.7228,2020,8,Saturday
2020-08-30,693.0,34666.6005,2020,8,Sunday
2020-08-31,505.0,21034.503,2020,8,Monday
2020-09-01,461.0,22244.7169,2020,9,Tuesday
2020-09-02,535.0,23370.431,2020,9,Wednesday
2020-09-03,504.0,21191.856,2020,9,Thursday
2020-09-04,562.0,25242.3535,2020,9,Friday
2020-09-05,658.0,29135.085,2020,9,Saturday
2020-09-06,658.0,30722.9048,2020,9,Sunday
2020-09-07,501.0,22130.4398,2020,9,Monday
2020-09-08,525.0,23452.8658,2020,9,Tuesday
2020-09-09,471.0,20785.7944,2020,9,Wednesday
2020-09-10,500.0,22453.984,2020,9,Thursday
2020-09-11,594.0,27225.373,2020,9,Friday
2020-09-12,730.0,31248.9429,2020,9,Saturday
2020-09-13,584.0,28682.024,2020,9,Sunday
2020-09-14,443.0,19844.237,2020,9,Monday
2020-09-15,584.0,18885.8705,2020,9,Tuesday
2020-09-16,411.0,19254.6795,2020,9,Wednesday
2020-09-17,386.0,17090.229099999997,2020,9,Thursday
2020-09-18,541.0,25534.551,2020,9,Friday
2020-09-19,702.0,32871.3308,2020,9,Saturday
2020-09-20,689.0,32168.9417,2020,9,Sunday
2020-09-21,485.0,20418.7613,2020,9,Monday
2020-09-22,399.0,16630.270999999997,2020,9,Tuesday
2020-09-23,451.0,19376.308,2020,9,Wednesday
2020-09-24,440.0,18231.4307,2020,9,Thursday
2020-09-25,543.0,23896.18,2020,9,Friday
2020-09-26,777.0,33261.574499999995,2020,9,Saturday
2020-09-27,711.0,30815.8298,2020,9,Sunday
2020-09-28,433.0,17200.0045,2020,9,Monday
2020-09-29,421.0,16577.117899999997,2020,9,Tuesday
2020-09-30,443.0,18331.2115,2020,9,Wednesday
2020-10-01,436.0,18094.0669,2020,10,Thursday
2020-10-02,580.0,24738.7413,2020,10,Friday
2020-10-03,760.0,33666.3145,2020,10,Saturday
2020-10-04,647.0,33064.6974,2020,10,Sunday
2020-10-05,381.0,15374.750999999998,2020,10,Monday
2020-10-06,367.0,14894.6385,2020,10,Tuesday
2020-10-07,429.0,18711.4606,2020,10,Wednesday
2020-10-08,412.0,17887.153899999998,2020,10,Thursday
2020-10-09,558.0,23749.3998,2020,10,Friday
2020-10-10,767.0,33825.0304,2020,10,Saturday
2020-10-11,637.0,30053.4318,2020,10,Sunday
2020-10-12,383.0,14801.713499999998,2020,10,Monday
2020-10-13,362.0,15997.348499999998,2020,10,Tuesday
2020-10-14,410.0,18078.9511,2020,10,Wednesday
2020-10-15,405.0,16979.9168,2020,10,Thursday
2020-10-16,540.0,25712.7192,2020,10,Friday
2020-10-17,709.0,33862.9438,2020,10,Saturday
2020-10-18,692.0,31849.1145,2020,10,Sunday
2020-10-19,348.0,14086.8105,2020,10,Monday
2020-10-20,380.0,15376.816,2020,10,Tuesday
2020-10-21,350.0,15858.4153,2020,10,Wednesday
2020-10-22,466.0,19372.7975,2020,10,Thursday
2020-10-23,494.0,23352.0525,2020,10,Friday
2020-10-24,439.0,22444.072,2020,10,Saturday
2020-10-25,362.0,16744.052499999998,2020,10,Sunday
2020-10-26,320.0,14564.7341,2020,10,Monday
2020-10-27,352.0,16080.980999999998,2020,10,Tuesday
2020-10-28,347.0,16214.9995,2020,10,Wednesday
2020-10-29,378.0,17754.87,2020,10,Thursday
2020-10-30,475.0,24359.8551,2020,10,Friday
2020-10-31,406.0,23742.0897,2020,10,Saturday
2020-11-01,341.0,18206.7333,2020,11,Sunday
2020-11-02,377.0,17171.4662,2020,11,Monday
2020-11-03,320.0,15373.512,2020,11,Tuesday
2020-11-04,417.0,20692.539,2020,11,Wednesday
2020-11-05,445.0,21462.1645,2020,11,Thursday
2020-11-06,168.0,9491.979,2020,11,Friday
2020-11-07,130.0,7565.4166,2020,11,Saturday
2020-11-08,103.0,6223.91,2020,11,Sunday
2020-11-09,202.0,9880.8185,2020,11,Monday
2020-11-10,188.0,8861.9475,2020,11,Tuesday
2020-11-11,200.0,10055.724,2020,11,Wednesday
2020-11-12,211.0,10422.633199999998,2020,11,Thursday
2020-11-13,251.0,14523.5993,2020,11,Friday
2020-11-14,230.0,13597.4055,2020,11,Saturday
2020-11-15,165.0,8673.6195,2020,11,Sunday
2020-11-16,228.0,10540.586,2020,11,Monday
2020-11-17,219.0,10500.7728,2020,11,Tuesday
2020-11-18,227.0,11522.1631,2020,11,Wednesday
2020-11-19,226.0,10753.694,2020,11,Thursday
2020-11-20,273.0,14658.3199,2020,11,Friday
2020-11-21,271.0,16288.4309,2020,11,Saturday
2020-11-22,189.0,11073.356,2020,11,Sunday
2020-11-23,238.0,11801.062,2020,11,Monday
2020-11-24,243.0,11724.657,2020,11,Tuesday
2020-11-25,251.0,12805.065,2020,11,Wednesday
2020-11-26,261.0,13173.461,2020,11,Thursday
2020-11-27,302.0,17075.6915,2020,11,Friday
2020-11-28,305.0,16899.96,2020,11,Saturday
2020-11-29,299.0,15483.37,2020,11,Sunday
2020-11-30,342.0,16871.5043,2020,11,Monday
2020-12-01,330.0,16631.097,2020,12,Tuesday
2020-12-02,308.0,15865.6015,2020,12,Wednesday
2020-12-03,345.0,17360.6202,2020,12,Thursday
2020-12-04,224.0,12305.5415,2020,12,Friday
2020-12-05,312.0,19038.6392,2020,12,Saturday
2020-12-06,312.0,17235.274699999998,2020,12,Sunday
2020-12-07,395.0,21496.0305,2020,12,Monday
2020-12-08,208.0,11766.1635,2020,12,Tuesday
2020-12-09,386.0,17970.6625,2020,12,Wednesday
2020-12-10,384.0,19546.5879,2020,12,Thursday
2020-12-11,420.0,23390.8745,2020,12,Friday
2020-12-12,375.0,21447.0074,2020,12,Saturday
2020-12-13,512.0,28915.1212,2020,12,Sunday
2020-12-14,445.0,20543.7351,2020,12,Monday
2020-12-15,472.0,22040.2819,2020,12,Tuesday
2020-12-16,483.0,25064.8874,2020,12,Wednesday
2020-12-17,489.0,24503.7856,2020,12,Thursday
2020-12-18,679.0,33276.4425,2020,12,Friday
2020-12-19,536.0,30090.354,2020,12,Saturday
2020-12-20,426.0,24450.3021,2020,12,Sunday
2020-12-21,492.0,25818.5298,2020,12,Monday
2020-12-22,529.0,27854.2481,2020,12,Tuesday
2020-12-23,592.0,31802.4455,2020,12,Wednesday
2020-12-24,75.0,3624.901,2020,12,Thursday
2020-12-25,440.00010714285685,23106.14929817398,2020,12,Friday
2020-12-26,371.7472804232806,21027.18871859354,2020,12,Saturday
2020-12-27,180.0,11355.8893,2020,12,Sunday
2020-12-28,305.0,17320.6831,2020,12,Monday
2020-12-29,445.0,25337.8391,2020,12,Tuesday
2020-12-30,505.0,29912.4749,2020,12,Wednesday
2020-12-31,87.0,4489.1035,2020,12,Thursday
2021-01-01,398.54356325156317,23991.66290999126,2021,1,Friday
2021-01-02,258.0,16199.925,2021,1,Saturday
2021-01-03,200.0,12679.1413,2021,1,Sunday
2021-01-04,521.0,27868.001,2021,1,Monday
2021-01-05,235.0,12535.1695,2021,1,Tuesday
2021-01-06,330.0712328042327,17906.100848874274,2021,1,Wednesday
2021-01-07,470.0,22859.3435,2021,1,Thursday
2021-01-08,522.0,28023.702,2021,1,Friday
2021-01-09,333.0,19759.2829,2021,1,Saturday
2021-01-10,244.0,13305.4145,2021,1,Sunday
2021-01-11,339.0,15811.5398,2021,1,Monday
2021-01-12,341.0,16844.411500000002,2021,1,Tuesday
2021-01-13,334.0,17400.9703,2021,1,Wednesday
2021-01-14,359.0,19655.9916,2021,1,Thursday
2021-01-15,415.0,22402.0699,2021,1,Friday
2021-01-16,412.0,23901.2186,2021,1,Saturday
2021-01-17,157.0,10665.725,2021,1,Sunday
2021-01-18,214.0,9784.795999999998,2021,1,Monday
2021-01-19,202.0,10566.0268,2021,1,Tuesday
2021-01-20,256.0,14290.4195,2021,1,Wednesday
2021-01-21,238.0,10854.3008,2021,1,Thursday
2021-01-22,291.0,15915.9875,2021,1,Friday
2021-01-23,281.0,16330.3504,2021,1,Saturday
2021-01-24,337.0,19048.2621,2021,1,Sunday
2021-01-25,361.0,17869.8492,2021,1,Monday
2021-01-26,373.0,18057.7642,2021,1,Tuesday
2021-01-27,349.0,17672.0635,2021,1,Wednesday
2021-01-28,373.0,17810.4598,2021,1,Thursday
2021-01-29,477.0,25187.4245,2021,1,Friday
2021-01-30,376.0,19950.8323,2021,1,Saturday
2021-01-31,372.0,20539.0682,2021,1,Sunday
2021-02-01,382.0,16428.5205,2021,2,Monday
2021-02-02,377.0,17019.110500000003,2021,2,Tuesday
2021-02-03,399.0,18262.6122,2021,2,Wednesday
2021-02-04,393.0,17494.4735,2021,2,Thursday
2021-02-05,446.0,21898.3751,2021,2,Friday
2021-02-06,533.0,27338.535,2021,2,Saturday
2021-02-07,430.0,23138.5315,2021,2,Sunday
2021-02-08,315.0,13421.8392,2021,2,Monday
2021-02-09,389.0,17543.5792,2021,2,Tuesday
2021-02-10,383.0,19203.4675,2021,2,Wednesday
2021-02-11,400.0,19831.1449,2021,2,Thursday
2021-02-12,482.0,24273.0425,2021,2,Friday
2021-02-13,496.0,26336.5144,2021,2,Saturday
2021-02-14,498.0,27818.8127,2021,2,Sunday
2021-02-15,530.0,25409.825,2021,2,Monday
2021-02-16,437.0,22595.8495,2021,2,Tuesday
2021-02-17,370.0,16568.7753,2021,2,Wednesday
2021-02-18,331.0,16532.5965,2021,2,Thursday
2021-02-19,443.0,21659.1655,2021,2,Friday
2021-02-20,518.0,27090.2807,2021,2,Saturday
2021-02-21,431.0,22053.9522,2021,2,Sunday
2021-02-22,350.0,15410.9298,2021,2,Monday
2021-02-23,354.0,15621.725,2021,2,Tuesday
2021-02-24,350.0,16516.0765,2021,2,Wednesday
2021-02-25,395.0,17256.8333,2021,2,Thursday
2021-02-26,509.0,25119.775100000003,2021,2,Friday
2021-02-27,499.0,25997.3175,2021,2,Saturday
2021-02-28,468.0,23656.0618,2021,2,Sunday
2021-03-01,294.0,12345.809,2021,3,Monday
2021-03-02,305.0,14407.5876,2021,3,Tuesday
2021-03-03,314.0,15507.5305,2021,3,Wednesday
2021-03-04,376.0,18077.9599,2021,3,Thursday
2021-03-05,354.0,16842.5117,2021,3,Friday
2021-03-06,275.0,14371.160999999998,2021,3,Saturday
2021-03-07,234.0,12417.9601,2021,3,Sunday
2021-03-08,243.0,12300.5855,2021,3,Monday
2021-03-09,291.0,12822.5349,2021,3,Tuesday
2021-03-10,342.0,17120.708499999997,2021,3,Wednesday
2021-03-11,334.0,15854.4505,2021,3,Thursday
2021-03-12,415.0,21098.931,2021,3,Friday
2021-03-13,343.0,19687.6274,2021,3,Saturday
2021-03-14,310.0,16250.1045,2021,3,Sunday
2021-03-15,190.0,9313.3565,2021,3,Monday
2021-03-16,229.0,10762.1605,2021,3,Tuesday
2021-03-17,236.0,12426.963499999998,2021,3,Wednesday
2021-03-18,250.0,12969.025999999998,2021,3,Thursday
2021-03-19,297.0,16003.337,2021,3,Friday
2021-03-20,272.0,16091.9668,2021,3,Saturday
2021-03-21,219.0,11860.947,2021,3,Sunday
2021-03-22,236.0,10538.7275,2021,3,Monday
2021-03-23,261.0,10879.9068,2021,3,Tuesday
2021-03-24,247.0,12364.3527,2021,3,Wednesday
2021-03-25,271.0,12622.1886,2021,3,Thursday
2021-03-26,332.0,18291.77,2021,3,Friday
2021-03-27,317.0,17092.2115,2021,3,Saturday
2021-03-28,209.0,11025.2002,2021,3,Sunday
2021-03-29,282.0,13507.990999999998,2021,3,Monday
2021-03-30,269.0,14148.554,2021,3,Tuesday
2021-03-31,344.0,15946.6734,2021,3,Wednesday
2021-04-01,337.0,16788.9043,2021,4,Thursday
2021-04-02,365.0,16887.7765,2021,4,Friday
2021-04-03,293.0,15908.5122,2021,4,Saturday
2021-04-04,387.41748097273097,19945.27668874491,2021,4,Sunday
2021-04-05,411.9749528619529,18668.398057354287,2021,4,Monday
2021-04-06,304.0,14200.592,2021,4,Tuesday
2021-04-07,300.0,14721.2198,2021,4,Wednesday
2021-04-08,348.0,17173.779,2021,4,Thursday
2021-04-09,361.0,19849.606,2021,4,Friday
2021-04-10,391.0,21682.087,2021,4,Saturday
2021-04-11,289.0,15511.3714,2021,4,Sunday
2021-04-12,416.0,18922.421,2021,4,Monday
2021-04-13,378.0,18313.4525,2021,4,Tuesday
2021-04-14,396.0,19920.4355,2021,4,Wednesday
2021-04-15,382.0,17696.017499999998,2021,4,Thursday
2021-04-16,466.0,23350.607,2021,4,Friday
2021-04-17,528.0,26886.5065,2021,4,Saturday
2021-04-18,446.0,23273.9955,2021,4,Sunday
2021-04-19,399.0,18962.482,2021,4,Monday
2021-04-20,401.0,17363.345999999998,2021,4,Tuesday
2021-04-21,389.0,18364.3341,2021,4,Wednesday
2021-04-22,399.0,17932.873,2021,4,Thursday
2021-04-23,519.0,26792.3425,2021,4,Friday
2021-04-24,528.0,28642.4173,2021,4,Saturday
2021-04-25,444.0,22976.5942,2021,4,Sunday
2021-04-26,439.0,20137.467,2021,4,Monday
2021-04-27,419.0,19232.584,2021,4,Tuesday
2021-04-28,414.0,19190.2515,2021,4,Wednesday
2021-04-29,424.0,19480.1775,2021,4,Thursday
2021-04-30,519.0,26106.143,2021,4,Friday
2021-05-01,444.0,23355.0261,2021,5,Saturday
2021-05-02,490.0,25312.357,2021,5,Sunday
2021-05-03,391.0,16737.8575,2021,5,Monday
2021-05-04,374.0,17246.673499999997,2021,5,Tuesday
2021-05-05,389.0,16749.5454,2021,5,Wednesday
2021-05-06,407.0,18903.6295,2021,5,Thursday
2021-05-07,479.0,23832.2063,2021,5,Friday
2021-05-08,512.0,25684.6765,2021,5,Saturday
2021-05-09,461.0,22943.802,2021,5,Sunday
2021-05-10,379.0,16801.1704,2021,5,Monday
2021-05-11,387.0,17413.7733,2021,5,Tuesday
2021-05-12,382.0,16747.191300000002,2021,5,Wednesday
2021-05-13,419.0,19023.606,2021,5,Thursday
2021-05-14,527.0,24868.382,2021,5,Friday
2021-05-15,488.0,25667.4544,2021,5,Saturday
2021-05-16,488.0,25635.736,2021,5,Sunday
2021-05-17,411.0,16868.2829,2021,5,Monday
2021-05-18,438.0,18697.749,2021,5,Tuesday
2021-05-19,417.0,20259.5085,2021,5,Wednesday
2021-05-20,433.0,18012.169,2021,5,Thursday
2021-05-21,544.0,25530.2145,2021,5,Friday
2021-05-22,686.0,35103.0176,2021,5,Saturday
2021-05-23,603.0,31064.7449,2021,5,Sunday
2021-05-24,421.0,18669.4585,2021,5,Monday
2021-05-25,367.0,15507.9435,2021,5,Tuesday
2021-05-26,380.0,18359.7085,2021,5,Wednesday
2021-05-27,418.0,19247.8237,2021,5,Thursday
2021-05-28,478.0,22596.6755,2021,5,Friday
2021-05-29,654.0,30356.615100000003,2021,5,Saturday
2021-05-30,612.0,29960.1351,2021,5,Sunday
2021-05-31,375.0,16449.8313,2021,5,Monday
2021-06-01,434.0,20491.6145,2021,6,Tuesday
2021-06-02,574.0,28826.574,2021,6,Wednesday
2021-06-03,415.0,18655.1274,2021,6,Thursday
2021-06-04,458.0,20610.3107,2021,6,Friday
2021-06-05,624.0,29899.7958,2021,6,Saturday
2021-06-06,616.0,30172.1693,2021,6,Sunday
2021-06-07,404.0,17782.788800000002,2021,6,Monday
2021-06-08,547.0,24960.2332,2021,6,Tuesday
2021-06-09,482.0,20584.3743,2021,6,Wednesday
2021-06-10,435.0,19164.2325,2021,6,Thursday
2021-06-11,479.0,22379.231,2021,6,Friday
2021-06-12,634.0,30727.7369,2021,6,Saturday
2021-06-13,546.0,27657.6601,2021,6,Sunday
2021-06-14,443.0,18846.9659,2021,6,Monday
2021-06-15,472.0,21086.8714,2021,6,Tuesday
2021-06-16,455.0,19997.8317,2021,6,Wednesday
2021-06-17,470.0,20155.1021,2021,6,Thursday
2021-06-18,534.0,24064.0645,2021,6,Friday
2021-06-19,617.0,29819.7564,2021,6,Saturday
2021-06-20,607.0,29547.5068,2021,6,Sunday
2021-06-21,480.0,21154.4795,2021,6,Monday
2021-06-22,424.0,16775.8122,2021,6,Tuesday
2021-06-23,510.0,21651.7315,2021,6,Wednesday
2021-06-24,467.0,21136.101,2021,6,Thursday
2021-06-25,546.0,25130.3892,2021,6,Friday
2021-06-26,616.0,28438.3127,2021,6,Saturday
2021-06-27,548.0,26082.1477,2021,6,Sunday
2021-06-28,462.0,19959.5053,2021,6,Monday
2021-06-29,448.0,18472.0032,2021,6,Tuesday
2021-06-30,471.0,19872.1145,2021,6,Wednesday
2021-07-01,490.0,22024.2575,2021,7,Thursday
2021-07-02,479.0,21457.5802,2021,7,Friday
2021-07-03,719.0,33173.6055,2021,7,Saturday
2021-07-04,826.0,38905.426,2021,7,Sunday
2021-07-05,544.0,21840.8855,2021,7,Monday
2021-07-06,427.0,18157.9993,2021,7,Tuesday
2021-07-07,513.0,23316.3693,2021,7,Wednesday
2021-07-08,510.0,22509.9455,2021,7,Thursday
2021-07-09,625.0,27900.0085,2021,7,Friday
2021-07-10,673.0,33969.25,2021,7,Saturday
2021-07-11,533.0,26982.1986,2021,7,Sunday
2021-07-12,579.0,25631.2756,2021,7,Monday
2021-07-13,613.0,28781.6809,2021,7,Tuesday
2021-07-14,556.0,24663.3688,2021,7,Wednesday
2021-07-15,564.0,27516.8271,2021,7,Thursday
2021-07-16,622.0,29136.5305,2021,7,Friday
2021-07-17,751.0,37498.5415,2021,7,Saturday
2021-07-18,678.0,32201.3622,2021,7,Sunday
2021-07-19,502.0,23458.6065,2021,7,Monday
2021-07-20,487.0,20553.358,2021,7,Tuesday
2021-07-21,538.0,24350.3974,2021,7,Wednesday
2021-07-22,515.0,23404.71,2021,7,Thursday
2021-07-23,576.0,24846.4517,2021,7,Friday
2021-07-24,710.0,33119.7503,2021,7,Saturday
2021-07-25,704.0,31980.5724,2021,7,Sunday
2021-07-26,474.0,21383.901,2021,7,Monday
2021-07-27,550.0,24567.2224,2021,7,Tuesday
2021-07-28,548.0,25055.7188,2021,7,Wednesday
2021-07-29,497.0,22575.3234,2021,7,Thursday
2021-07-30,582.0,24709.5835,2021,7,Friday
2021-07-31,633.0,31585.1249,2021,7,Saturday
2021-08-01,667.0,34251.329,2021,8,Sunday
2021-08-02,461.0,21631.6184,2021,8,Monday
2021-08-03,471.0,21871.654,2021,8,Tuesday
2021-08-04,613.0,25989.9248,2021,8,Wednesday
2021-08-05,524.0,23929.7569,2021,8,Thursday
2021-08-06,465.0,20173.811,2021,8,Friday
2021-08-07,531.0,24696.574,2021,8,Saturday
2021-08-08,506.0,26045.6385,2021,8,Sunday
2021-08-09,422.0,21416.3215,2021,8,Monday
2021-08-10,460.0,21309.3958,2021,8,Tuesday
2021-08-11,396.0,18215.778,2021,8,Wednesday
2021-08-12,490.0,20791.3699,2021,8,Thursday
2021-08-13,536.0,21995.3888,2021,8,Friday
2021-08-14,519.0,24923.0632,2021,8,Saturday
2021-08-15,622.8634675324677,31425.152927438907,2021,8,Sunday
2021-08-16,474.0,23610.2188,2021,8,Monday
2021-08-17,506.0,23897.419,2021,8,Tuesday
2021-08-18,508.0,23758.238,2021,8,Wednesday
2021-08-19,500.0,24513.8215,2021,8,Thursday
2021-08-20,474.0,21612.4965,2021,8,Friday
2021-08-21,549.0,26441.3751,2021,8,Saturday
2021-08-22,526.0,24520.8838,2021,8,Sunday
2021-08-23,489.0,21076.629,2021,8,Monday
2021-08-24,524.0,22300.761,2021,8,Tuesday
2021-08-25,494.0,21441.5145,2021,8,Wednesday
2021-08-26,429.0,20317.8654,2021,8,Thursday
2021-08-27,594.0,26501.797,2021,8,Friday
2021-08-28,683.0,32764.7355,2021,8,Saturday
2021-08-29,594.0,28642.1695,2021,8,Sunday
2021-08-30,476.0,21038.4265,2021,8,Monday
2021-08-31,558.0,26554.4545,2021,8,Tuesday
2021-09-01,560.0,25714.206,2021,9,Wednesday
2021-09-02,580.0,28135.5011,2021,9,Thursday
2021-09-03,555.0,26026.5579,2021,9,Friday
2021-09-04,652.0,30819.5055,2021,9,Saturday
2021-09-05,649.0,32023.607,2021,9,Sunday
2021-09-06,462.0,19472.4131,2021,9,Monday
2021-09-07,505.0,22840.8411,2021,9,Tuesday
2021-09-08,512.0,22976.2225,2021,9,Wednesday
2021-09-09,497.0,23583.0434,2021,9,Thursday
2021-09-10,553.0,25759.2643,2021,9,Friday
2021-09-11,666.0,30481.465,2021,9,Saturday
2021-09-12,574.0,29918.8351,2021,9,Sunday
2021-09-13,500.0,23494.331,2021,9,Monday
2021-09-14,398.0,17975.7424,2021,9,Tuesday
2021-09-15,417.0,18720.2162,2021,9,Wednesday
2021-09-16,504.0,24695.5415,2021,9,Thursday
2021-09-17,591.0,26846.9824,2021,9,Friday
2021-09-18,734.0,34271.6899,2021,9,Saturday
2021-09-19,718.0,34441.1438,2021,9,Sunday
2021-09-20,591.0,16923.7075,2021,9,Monday
2021-09-21,417.0,19897.6792,2021,9,Tuesday
2021-09-22,392.0,18064.2483,2021,9,Wednesday
2021-09-23,515.0,22744.4056,2021,9,Thursday
2021-09-24,557.0,25731.0977,2021,9,Friday
2021-09-25,759.0,37327.4356,2021,9,Saturday
2021-09-26,680.0,33739.0025,2021,9,Sunday
2021-09-27,427.0,19884.3806,2021,9,Monday
2021-09-28,418.0,18733.0605,2021,9,Tuesday
2021-09-29,428.0,19054.5397,2021,9,Wednesday
2021-09-30,434.0,18348.0206,2021,9,Thursday
2021-10-01,582.0,26946.598,2021,10,Friday
2021-10-02,719.0,34838.8215,2021,10,Saturday
2021-10-03,716.0,36049.531,2021,10,Sunday
2021-10-04,383.0,16965.0075,2021,10,Monday
2021-10-05,441.0,19980.5683,2021,10,Tuesday
2021-10-06,454.0,21125.6108,2021,10,Wednesday
2021-10-07,430.0,19488.644,2021,10,Thursday
2021-10-08,539.0,26023.0887,2021,10,Friday
2021-10-09,794.0,38601.3341,2021,10,Saturday
2021-10-10,678.0,34551.786499999995,2021,10,Sunday
2021-10-11,384.0,18882.36,2021,10,Monday
2021-10-12,409.0,18813.1825,2021,10,Tuesday
2021-10-13,420.0,18601.933,2021,10,Wednesday
2021-10-14,472.0,22852.529,2021,10,Thursday
2021-10-15,671.0,32445.7343,2021,10,Friday
2021-10-16,810.0,41412.9142,2021,10,Saturday
2021-10-17,719.0,35072.7447,2021,10,Sunday
2021-10-18,399.0,17006.2662,2021,10,Monday
2021-10-19,412.0,17457.8817,2021,10,Tuesday
2021-10-20,435.0,20077.8298,2021,10,Wednesday
2021-10-21,383.0,18294.248,2021,10,Thursday
2021-10-22,576.0,27166.727,2021,10,Friday
2021-10-23,720.0,38921.7395,2021,10,Saturday
2021-10-24,696.0,38655.6849,2021,10,Sunday
2021-10-25,441.0,20719.384,2021,10,Monday
2021-10-26,418.0,19365.4048,2021,10,Tuesday
2021-10-27,437.0,21146.7151,2021,10,Wednesday
2021-10-28,422.0,20404.5541,2021,10,Thursday
2021-10-29,638.0,29713.2024,2021,10,Friday
2021-10-30,797.0,38869.495,2021,10,Saturday
2021-10-31,768.0,40141.535,2021,10,Sunday
2021-11-01,569.0,28385.3661,2021,11,Monday
2021-11-02,407.0,19761.9261,2021,11,Tuesday
2021-11-03,441.0,20720.21,2021,11,Wednesday
2021-11-04,400.0,18053.4277,2021,11,Thursday
2021-11-05,521.0,25564.8239,2021,11,Friday
2021-11-06,863.0,44529.0818,2021,11,Saturday
2021-11-07,722.0,36303.9803,2021,11,Sunday
2021-11-08,382.0,17667.314,2021,11,Monday
2021-11-09,408.0,18880.8319,2021,11,Tuesday
2021-11-10,465.0,20914.733,2021,11,Wednesday
2021-11-11,634.0,20384.5649,2021,11,Thursday
2021-11-12,558.0,27761.034,2021,11,Friday
2021-11-13,901.0,45413.3974,2021,11,Saturday
2021-11-14,690.0,35618.978500000005,2021,11,Sunday
2021-11-15,423.0,19490.5438,2021,11,Monday
2021-11-16,402.0,18350.9116,2021,11,Tuesday
2021-11-17,387.0,19080.3935,2021,11,Wednesday
2021-11-18,443.0,19458.4537,2021,11,Thursday
2021-11-19,674.0,33784.0608,2021,11,Friday
2021-11-20,844.0,43414.1883,2021,11,Saturday
2021-11-21,670.0,37420.0715,2021,11,Sunday
2021-11-22,344.0,16798.1142,2021,11,Monday
2021-11-23,390.0,19113.0205,2021,11,Tuesday
2021-11-24,404.0,18040.5834,2021,11,Wednesday
2021-11-25,420.0,21286.4743,2021,11,Thursday
2021-11-26,653.0,31337.614,2021,11,Friday
2021-11-27,873.0,43689.5767,2021,11,Saturday
2021-11-28,699.0,37793.8365,2021,11,Sunday
2021-11-29,443.0,20016.0863,2021,11,Monday
2021-11-30,392.0,18521.6871,2021,11,Tuesday
2021-12-01,525.0,22122.8819,2021,12,Wednesday
2021-12-02,442.0,20493.6795,2021,12,Thursday
2021-12-03,646.0,29321.9262,2021,12,Friday
2021-12-04,826.0,39033.869,2021,12,Saturday
2021-12-05,674.0,35226.2568,2021,12,Sunday
2021-12-06,445.0,19380.5206,2021,12,Monday
2021-12-07,568.0,26653.8636,2021,12,Tuesday
2021-12-08,284.0,13460.2895,2021,12,Wednesday
2021-12-09,482.0,22092.4851,2021,12,Thursday
2021-12-10,462.0,22629.550300000003,2021,12,Friday
2021-12-11,837.0,38828.1537,2021,12,Saturday
2021-12-12,673.0,36270.6099,2021,12,Sunday
2021-12-13,462.0,20389.3557,2021,12,Monday
2021-12-14,495.0,23149.063,2021,12,Tuesday
2021-12-15,687.0,32788.483,2021,12,Wednesday
2021-12-16,620.0,27718.2472,2021,12,Thursday
2021-12-17,732.0,35782.52649999999,2021,12,Friday
2021-12-18,1005.0,52146.4538,2021,12,Saturday
2021-12-19,853.0,45251.7492,2021,12,Sunday
2021-12-20,640.0,28037.331,2021,12,Monday
2021-12-21,705.0,33218.3334,2021,12,Tuesday
2021-12-22,669.0,32531.9274,2021,12,Wednesday
2021-12-23,804.0,42644.3976,2021,12,Thursday
2021-12-24,488.0,25152.3608,2021,12,Friday
2021-12-25,174.0,8736.395499999999,2021,12,Saturday
2021-12-26,636.0,30854.610500000003,2021,12,Sunday
2021-12-27,659.0,32015.5535,2021,12,Monday
2021-12-28,699.0,35850.2172,2021,12,Tuesday
2021-12-29,652.0,29036.791,2021,12,Wednesday
2021-12-30,509.0,25441.5434,2021,12,Thursday
2021-12-31,230.0,12085.5364,2021,12,Friday
2022-01-01,493.0,25549.3364,2022,1,Saturday
2022-01-02,660.0,36198.0045,2022,1,Sunday
2022-01-03,515.0,25205.5965,2022,1,Monday
2022-01-04,441.0,22546.083,2022,1,Tuesday
2022-01-05,590.0,29099.5257,2022,1,Wednesday
2022-01-06,634.0,32485.0106,2022,1,Thursday
2022-01-07,579.0,30469.6945,2022,1,Friday
2022-01-08,656.0,31678.752,2022,1,Saturday
2022-01-09,600.0,32363.6299,2022,1,Sunday
2022-01-10,330.0,14612.3943,2022,1,Monday
2022-01-11,413.0,20117.8495,2022,1,Tuesday
2022-01-12,405.0,19507.229,2022,1,Wednesday
2022-01-13,452.0,20377.667800000003,2022,1,Thursday
2022-01-14,642.0,30472.1725,2022,1,Friday
2022-01-15,778.0,40697.2265,2022,1,Saturday
2022-01-16,691.0,37099.5835,2022,1,Sunday
2022-01-17,369.0,17674.913200000003,2022,1,Monday
2022-01-18,448.0,22110.0376,2022,1,Tuesday
2022-01-19,420.0,20662.3074,2022,1,Wednesday
2022-01-20,340.0,16133.3907,2022,1,Thursday
2022-01-21,523.0,26357.2057,2022,1,Friday
2022-01-22,684.0,37123.331000000006,2022,1,Saturday
2022-01-23,623.0,34519.4073,2022,1,Sunday
2022-01-24,358.0,17207.4385,2022,1,Monday
2022-01-25,334.0,15680.4123,2022,1,Tuesday
2022-01-26,359.0,18811.6957,2022,1,Wednesday
2022-01-27,390.0,20076.9625,2022,1,Thursday
2022-01-28,627.0,30190.3,2022,1,Friday
2022-01-29,818.0,43580.586,2022,1,Saturday
2022-01-30,629.0,33224.2393,2022,1,Sunday
2022-01-31,362.0,16956.4584,2022,1,Monday
2022-02-01,393.0,19666.7296,2022,2,Tuesday
2022-02-02,409.0,19421.738,2022,2,Wednesday
2022-02-03,385.0,17992.4689,2022,2,Thursday
2022-02-04,503.0,23585.2323,2022,2,Friday
2022-02-05,698.0,36159.4716,2022,2,Saturday
2022-02-06,620.0,33929.189,2022,2,Sunday
2022-02-07,366.0,16830.2043,2022,2,Monday
2022-02-08,376.0,17298.752800000002,2022,2,Tuesday
2022-02-09,430.0,20561.452800000003,2022,2,Wednesday
2022-02-10,400.0,19257.9422,2022,2,Thursday
2022-02-11,568.0,26638.4587,2022,2,Friday
2022-02-12,796.0,40009.829300000005,2022,2,Saturday
2022-02-13,660.0,36124.7796,2022,2,Sunday
2022-02-14,404.0,20300.6846,2022,2,Monday
2022-02-15,329.0,16050.1299,2022,2,Tuesday
2022-02-16,375.0,18908.7094,2022,2,Wednesday
2022-02-17,442.0,20912.5028,2022,2,Thursday
2022-02-18,541.0,25453.2313,2022,2,Friday
2022-02-19,896.0,41915.3287,2022,2,Saturday
2022-02-20,735.0,36571.976,2022,2,Sunday
2022-02-21,389.0,16972.5654,2022,2,Monday
2022-02-22,413.0,18858.6125,2022,2,Tuesday
2022-02-23,405.0,18969.2552,2022,2,Wednesday
2022-02-24,419.0,18299.8235,2022,2,Thursday
2022-02-25,596.0,27972.903,2022,2,Friday
2022-02-26,833.0,40010.6966,2022,2,Saturday
2022-02-27,732.0,36446.8783,2022,2,Sunday
2022-02-28,545.0,24413.8755,2022,2,Monday
2022-03-01,407.0,20619.3141,2022,3,Tuesday
2022-03-02,382.0,17464.3245,2022,3,Wednesday
2022-03-03,458.0,21784.924,2022,3,Thursday
2022-03-04,569.0,25813.9868,2022,3,Friday
2022-03-05,722.0,36780.7475,2022,3,Saturday
2022-03-06,711.0,38979.353,2022,3,Sunday
2022-03-07,395.0,18155.2735,2022,3,Monday
2022-03-08,371.0,18425.995,2022,3,Tuesday
2022-03-09,396.0,18962.9363,2022,3,Wednesday
2022-03-10,414.0,20166.9552,2022,3,Thursday
2022-03-11,529.0,27230.8659,2022,3,Friday
2022-03-12,698.0,37969.278900000005,2022,3,Saturday
2022-03-13,683.0,34971.5597,2022,3,Sunday
2022-03-14,341.0,15917.846,2022,3,Monday
2022-03-15,428.0,20096.2909,2022,3,Tuesday
2022-03-16,418.0,19815.6574,2022,3,Wednesday
2022-03-17,411.0,19328.0283,2022,3,Thursday
2022-03-18,547.0,25736.1363,2022,3,Friday
2022-03-19,738.0,39360.6346,2022,3,Saturday
2022-03-20,628.0,33009.2315,2022,3,Sunday
2022-03-21,373.0,17063.177600000003,2022,3,Monday
2022-03-22,440.0,20240.9648,2022,3,Tuesday
2022-03-23,469.0,21793.5144,2022,3,Wednesday
2022-03-24,391.0,17110.59,2022,3,Thursday
2022-03-25,612.0,28404.075,2022,3,Friday
2022-03-26,795.0,39732.4172,2022,3,Saturday
2022-03-27,705.0,36781.903900000005,2022,3,Sunday
2022-03-28,378.0,17154.161500000002,2022,3,Monday
2022-03-29,366.0,16936.304,2022,3,Tuesday
2022-03-30,389.0,18054.4602,2022,3,Wednesday
2022-03-31,456.0,20428.9624,2022,3,Thursday
2022-04-01,600.0,30288.594,2022,4,Friday
2022-04-02,789.0,39338.9934,2022,4,Saturday
2022-04-03,644.0,33331.165,2022,4,Sunday
2022-04-04,360.0,16348.3572,2022,4,Monday
2022-04-05,429.0,19664.2103,2022,4,Tuesday
2022-04-06,463.0,20844.523,2022,4,Wednesday
2022-04-07,445.0,22019.4667,2022,4,Thursday
2022-04-08,543.0,27692.8064,2022,4,Friday
2022-04-09,775.0,40795.1075,2022,4,Saturday
2022-04-10,709.0,36891.3076,2022,4,Sunday
2022-04-11,416.0,17759.5782,2022,4,Monday
2022-04-12,425.0,19744.9931,2022,4,Tuesday
2022-04-13,598.0,28571.5052,2022,4,Wednesday
2022-04-14,667.0,31779.4827,2022,4,Thursday
2022-04-15,642.0,30401.4256,2022,4,Friday
2022-04-16,763.0,40622.3496,2022,4,Saturday
2022-04-17,251.0,13218.023699999998,2022,4,Sunday
2022-04-18,513.0,25704.5831,2022,4,Monday
2022-04-19,479.0,24279.6092,2022,4,Tuesday
2022-04-20,458.0,21222.005,2022,4,Wednesday
2022-04-21,478.0,21687.7451,2022,4,Thursday
2022-04-22,558.0,27555.6078,2022,4,Friday
2022-04-23,759.0,39609.7975,2022,4,Saturday
2022-04-24,751.0,39707.1003,2022,4,Sunday
2022-04-25,596.0,34414.3814,2022,4,Monday
2022-04-26,388.0,16965.5444,2022,4,Tuesday
2022-04-27,395.0,18672.3082,2022,4,Wednesday
2022-04-28,491.0,23185.9439,2022,4,Thursday
2022-04-29,588.0,30770.0281,2022,4,Friday
2022-04-30,856.0,41524.0112,2022,4,Saturday
2022-05-01,655.0,33685.3538,2022,5,Sunday
2022-05-02,408.0,18341.9495,2022,5,Monday
2022-05-03,465.0,21019.0155,2022,5,Tuesday
2022-05-04,608.0,27313.2181,2022,5,Wednesday
2022-05-05,531.0,25525.052,2022,5,Thursday
2022-05-06,721.0,35858.6011,2022,5,Friday
2022-05-07,984.0,49711.9014,2022,5,Saturday
2022-05-08,800.0,39450.9164,2022,5,Sunday
2022-05-09,388.0,17839.122,2022,5,Monday
2022-05-10,409.0,17999.0769,2022,5,Tuesday
2022-05-11,455.0,21790.6234,2022,5,Wednesday
2022-05-12,493.0,22133.909,2022,5,Thursday
2022-05-13,638.0,31246.5475,2022,5,Friday
2022-05-14,741.0,34536.4642,2022,5,Saturday
2022-05-15,678.0,34906.966499999995,2022,5,Sunday
2022-05-16,436.0,18070.7737,2022,5,Monday
2022-05-17,481.0,21383.9423,2022,5,Tuesday
2022-05-18,494.0,21107.4801,2022,5,Wednesday
2022-05-19,429.0,20260.954,2022,5,Thursday
2022-05-20,496.0,23663.4132,2022,5,Friday
2022-05-21,748.0,39340.9345,2022,5,Saturday
2022-05-22,655.0,34116.5258,2022,5,Sunday
2022-05-23,365.0,17570.259000000002,2022,5,Monday
2022-05-24,430.0,21252.1127,2022,5,Tuesday
2022-05-25,423.0,19457.5864,2022,5,Wednesday
2022-05-26,456.0,20021.7444,2022,5,Thursday
2022-05-27,459.0,21571.403,2022,5,Friday
2022-05-28,659.0,32928.7791,2022,5,Saturday
2022-05-29,690.0,39005.5785,2022,5,Sunday
2022-05-30,573.0,21188.139,2022,5,Monday
2022-05-31,437.0,21539.8085,2022,5,Tuesday
2022-06-01,536.0,27078.7993,2022,6,Wednesday
2022-06-02,696.0,35998.732,2022,6,Thursday
2022-06-03,672.0,33866.0,2022,6,Friday
2022-06-04,624.0,29016.4714,2022,6,Saturday
2022-06-05,693.0,34834.4437,2022,6,Sunday
2022-06-06,583.0,22997.6159,2022,6,Monday
2022-06-07,476.0,22093.8067,2022,6,Tuesday
2022-06-08,643.0,32300.6474,2022,6,Wednesday
2022-06-09,562.0,26468.1375,2022,6,Thursday
2022-06-10,617.0,28533.4266,2022,6,Friday
2022-06-11,715.0,37874.8671,2022,6,Saturday
2022-06-12,687.0,37194.0366,2022,6,Sunday
2022-06-13,515.0,24370.0562,2022,6,Monday
2022-06-14,506.0,23582.3413,2022,6,Tuesday
2022-06-15,631.0,26244.7045,2022,6,Wednesday
2022-06-16,579.0,24343.046,2022,6,Thursday
2022-06-17,658.0,29420.055,2022,6,Friday
2022-06-18,776.0,36788.7184,2022,6,Saturday
2022-06-19,703.0,35666.267,2022,6,Sunday
2022-06-20,563.0,23747.8304,2022,6,Monday
2022-06-21,515.0,24894.9792,2022,6,Tuesday
2022-06-22,737.0,33895.9425,2022,6,Wednesday
2022-06-23,510.0,24232.1968,2022,6,Thursday
2022-06-24,617.0,29986.278,2022,6,Friday
2022-06-25,680.0,35265.615699999995,2022,6,Saturday
2022-06-26,721.0,32671.604,2022,6,Sunday
2022-06-27,579.0,23999.3474,2022,6,Monday
2022-06-28,548.0,24675.3871,2022,6,Tuesday
2022-06-29,609.0,25696.5709,2022,6,Wednesday
2022-06-30,508.0,22813.8309,2022,6,Thursday
2022-07-01,601.0,27358.772,2022,7,Friday
2022-07-02,731.0,36071.5852,2022,7,Saturday
2022-07-03,684.0,34964.6626,2022,7,Sunday
2022-07-04,458.0,21338.5949,2022,7,Monday
2022-07-05,551.0,26428.0765,2022,7,Tuesday
2022-07-06,736.0,35249.4261,2022,7,Wednesday
2022-07-07,559.0,27964.1061,2022,7,Thursday
2022-07-08,575.0,28685.2041,2022,7,Friday
2022-07-09,780.0,44130.9911,2022,7,Saturday
2022-07-10,720.0,42630.5621,2022,7,Sunday
2022-07-11,551.0,26901.581,2022,7,Monday
2022-07-12,559.0,26951.554,2022,7,Tuesday
2022-07-13,545.0,28505.0535,2022,7,Wednesday
2022-07-14,595.0,31323.6133,2022,7,Thursday
2022-07-15,619.0,32070.0695,2022,7,Friday
2022-07-16,791.0,41762.3948,2022,7,Saturday
2022-07-17,768.0,43150.24,2022,7,Sunday
2022-07-18,625.0,27320.6934,2022,7,Monday
2022-07-19,530.0,26329.5347,2022,7,Tuesday
2022-07-20,616.0,31197.5657,2022,7,Wednesday
2022-07-21,602.0,28647.2494,2022,7,Thursday
2022-07-22,579.0,28971.95,2022,7,Friday
2022-07-23,805.0,43330.3493,2022,7,Saturday
2022-07-24,760.0,39239.3778,2022,7,Sunday
2022-07-25,474.0,22779.841,2022,7,Monday
2022-07-26,477.0,22302.2065,2022,7,Tuesday
2022-07-27,529.0,23831.2151,2022,7,Wednesday
2022-07-28,516.0,25977.4935,2022,7,Thursday
2022-07-29,634.0,31572.4045,2022,7,Friday
2022-07-30,716.0,37935.4955,2022,7,Saturday
2022-07-31,680.0,37972.5003,2022,7,Sunday
2022-08-01,572.0,28443.8882,2022,8,Monday
2022-08-02,513.0,25128.6133,2022,8,Tuesday
2022-08-03,556.0,26314.6667,2022,8,Wednesday
2022-08-04,561.0,27691.8565,2022,8,Thursday
2022-08-05,572.0,27352.9487,2022,8,Friday
2022-08-06,712.0,36674.1109,2022,8,Saturday
2022-08-07,709.0,35830.021499999995,2022,8,Sunday
2022-08-08,584.0,29143.1385,2022,8,Monday
2022-08-09,601.0,28216.2013,2022,8,Tuesday
2022-08-10,639.0,25749.311,2022,8,Wednesday
2022-08-11,563.0,29093.785,2022,8,Thursday
2022-08-12,654.0,33565.666399999995,2022,8,Friday
2022-08-13,651.0,33245.8805,2022,8,Saturday
2022-08-14,622.0,32678.0055,2022,8,Sunday
2022-08-15,231.0,12563.8317,2022,8,Monday
2022-08-16,605.0,29141.9821,2022,8,Tuesday
2022-08-17,579.0,30400.104,2022,8,Wednesday
2022-08-18,762.0,39088.8393,2022,8,Thursday
2022-08-19,735.0,35575.407,2022,8,Friday
2022-08-20,643.0,33854.848999999995,2022,8,Saturday
2022-08-21,663.0,35272.14109999999,2022,8,Sunday
2022-08-22,502.0,25683.1897,2022,8,Monday
2022-08-23,514.0,24801.8477,2022,8,Tuesday
2022-08-24,562.0,29243.9931,2022,8,Wednesday
2022-08-25,556.0,27516.0424,2022,8,Thursday
2022-08-26,533.0,28166.3935,2022,8,Friday
2022-08-27,611.0,34286.516599999995,2022,8,Saturday
2022-08-28,653.0,34284.740699999995,2022,8,Sunday
2022-08-29,517.0,24434.2364,2022,8,Monday
2022-08-30,560.0,26899.3095,2022,8,Tuesday
2022-08-31,597.0,30700.9745,2022,8,Wednesday
2022-09-01,686.0,33015.2613,2022,9,Thursday
2022-09-02,662.0,32639.1009,2022,9,Friday
2022-09-03,827.0,44243.7401,2022,9,Saturday
2022-09-04,839.0,46880.5799,2022,9,Sunday
2022-09-05,575.0,27209.2247,2022,9,Monday
2022-09-06,539.0,25479.0025,2022,9,Tuesday
2022-09-07,567.0,27945.645,2022,9,Wednesday
2022-09-08,590.0,29770.1964,2022,9,Thursday
2022-09-09,679.0,34660.3229,2022,9,Friday
2022-09-10,755.0,40441.1665,2022,9,Saturday
2022-09-11,785.0,41347.32979999999,2022,9,Sunday
2022-09-12,580.0,31838.996,2022,9,Monday
2022-09-13,547.0,26576.4674,2022,9,Tuesday
2022-09-14,474.0,22698.3974,2022,9,Wednesday
2022-09-15,527.0,25922.4819,2022,9,Thursday
2022-09-16,658.0,32754.7409,2022,9,Friday
2022-09-17,852.0,43776.8023,2022,9,Saturday
2022-09-18,833.0,41741.497,2022,9,Sunday
2022-09-19,528.0,23434.0743,2022,9,Monday
2022-09-20,509.0,23144.3548,2022,9,Tuesday
2022-09-21,573.0,26390.7,2022,9,Wednesday
2022-09-22,625.0,26589.7247,2022,9,Thursday
2022-09-23,721.0,36259.5828,2022,9,Friday
2022-09-24,921.0,47963.0529,2022,9,Saturday
2022-09-25,862.0,44176.2972,2022,9,Sunday
2022-09-26,533.0,22686.3791,2022,9,Monday
2022-09-27,458.0,20351.814,2022,9,Tuesday
2022-09-28,490.0,21855.6709,2022,9,Wednesday
2022-09-29,585.0,27054.5975,2022,9,Thursday
2022-09-30,650.0,30264.8878,2022,9,Friday
2022-10-01,935.0,46949.7987,2022,10,Saturday
2022-10-02,910.0,46539.5658,2022,10,Sunday
2022-10-03,410.0,18295.2392,2022,10,Monday
2022-10-04,438.0,19908.252,2022,10,Tuesday
2022-10-05,490.0,23139.5227,2022,10,Wednesday
2022-10-06,437.0,20681.5532,2022,10,Thursday
2022-10-07,641.0,27745.2987,2022,10,Friday
2022-10-08,912.0,46574.5882,2022,10,Saturday
2022-10-09,954.0,48089.6374,2022,10,Sunday
2022-10-10,445.0,21536.4219,2022,10,Monday
2022-10-11,444.0,20513.1318,2022,10,Tuesday
2022-10-12,483.0,23161.7008,2022,10,Wednesday
2022-10-13,475.0,22287.132,2022,10,Thursday
2022-10-14,684.0,32817.9712,2022,10,Friday
2022-10-15,915.0,47380.599,2022,10,Saturday
2022-10-16,821.0,43096.2196,2022,10,Sunday
2022-10-17,456.0,21645.5365,2022,10,Monday
2022-10-18,461.0,21417.2714,2022,10,Tuesday
2022-10-19,460.0,21903.2072,2022,10,Wednesday
2022-10-20,527.0,23653.9555,2022,10,Thursday
2022-10-21,688.0,31507.6048,2022,10,Friday
2022-10-22,971.0,48808.5052,2022,10,Saturday
2022-10-23,903.0,47254.5101,2022,10,Sunday
2022-10-24,469.0,21611.877,2022,10,Monday
2022-10-25,432.0,20302.0475,2022,10,Tuesday
2022-10-26,423.0,19375.1103,2022,10,Wednesday
2022-10-27,514.0,24429.6934,2022,10,Thursday
2022-10-28,677.0,33783.3587,2022,10,Friday
2022-10-29,1002.0,51269.407,2022,10,Saturday
2022-10-30,987.0,50458.0272,2022,10,Sunday
2022-10-31,960.0,45961.7375,2022,10,Monday
2022-11-01,756.0,39566.3086,2022,11,Tuesday
2022-11-02,407.0,19569.4268,2022,11,Wednesday
2022-11-03,445.0,20596.1035,2022,11,Thursday
2022-11-04,635.0,32168.6113,2022,11,Friday
2022-11-05,888.0,44188.6046,2022,11,Saturday
2022-11-06,639.0,34512.1385,2022,11,Sunday
2022-11-07,472.0,20501.1961,2022,11,Monday
2022-11-08,464.0,21775.838,2022,11,Tuesday
2022-11-09,509.0,24476.445,2022,11,Wednesday
2022-11-10,486.0,23286.1377,2022,11,Thursday
2022-11-11,720.0,34487.565,2022,11,Friday
2022-11-12,986.0,52907.1998,2022,11,Saturday
2022-11-13,900.0,47478.9343,2022,11,Sunday
2022-11-14,449.0,22352.6751,2022,11,Monday
2022-11-15,531.0,25557.679,2022,11,Tuesday
2022-11-16,464.0,24526.1289,2022,11,Wednesday
2022-11-17,428.0,19633.607,2022,11,Thursday
2022-11-18,722.0,35332.6043,2022,11,Friday
2022-11-19,1116.0,56350.959,2022,11,Saturday
2022-11-20,932.0,50035.1978,2022,11,Sunday
2022-11-21,478.0,21565.7449,2022,11,Monday
2022-11-22,499.0,23847.033,2022,11,Tuesday
2022-11-23,478.0,21790.1278,2022,11,Wednesday
2022-11-24,497.0,24802.1781,2022,11,Thursday
2022-11-25,726.0,35565.081999999995,2022,11,Friday
2022-11-26,1033.0,54766.5258,2022,11,Saturday
2022-11-27,901.0,49027.8082,2022,11,Sunday
2022-11-28,453.0,20792.898,2022,11,Monday
2022-11-29,499.0,23187.1003,2022,11,Tuesday
2022-11-30,452.0,21608.7795,2022,11,Wednesday
2022-12-01,672.0,27797.3367,2022,12,Thursday
2022-12-02,766.0,35114.9946,2022,12,Friday
2022-12-03,1050.0,53264.8578,2022,12,Saturday
2022-12-04,938.0,51000.9157,2022,12,Sunday
2022-12-05,465.0,20519.2855,2022,12,Monday
2022-12-06,585.0,25552.7643,2022,12,Tuesday
2022-12-07,688.0,32269.3833,2022,12,Wednesday
2022-12-08,905.0,46161.0513,2022,12,Thursday
2022-12-09,929.0,44711.9582,2022,12,Friday
2022-12-10,897.0,45494.7997,2022,12,Saturday
2022-12-11,891.0,47214.9034,2022,12,Sunday
2022-12-12,507.0,24144.2278,2022,12,Monday
2022-12-13,484.0,23880.6925,2022,12,Tuesday
2022-12-14,744.0,31744.7081,2022,12,Wednesday
2022-12-15,636.0,31504.3834,2022,12,Thursday
2022-12-16,905.0,47208.0889,2022,12,Friday
2022-12-17,1164.0,71617.9583,2022,12,Saturday
2022-12-18,1029.0,54943.042,2022,12,Sunday
2022-12-19,660.0,30356.7803,2022,12,Monday
2022-12-20,671.0,35062.0893,2022,12,Tuesday
2022-12-21,832.0,39160.66,2022,12,Wednesday
2022-12-22,867.0,43181.9171,2022,12,Thursday
2022-12-23,1073.0,54931.8084,2022,12,Friday
2022-12-24,720.0,36639.7906,2022,12,Saturday
2022-12-25,321.0,16413.033,2022,12,Sunday
2022-12-26,956.0,50205.0647,2022,12,Monday
2022-12-27,903.0,45019.2715,2022,12,Tuesday
2022-12-28,869.0,43937.831,2022,12,Wednesday
2022-12-29,794.0,40826.5368,2022,12,Thursday
2022-12-30,894.0,46127.8048,2022,12,Friday
2022-12-31,345.0,19519.206,2022,12,Saturday
2023-01-01,656.0,36261.7717,2023,1,Sunday
2023-01-02,789.0,39431.175,2023,1,Monday
2023-01-03,690.0,36932.525,2023,1,Tuesday
2023-01-04,668.0,35767.3281,2023,1,Wednesday
2023-01-05,820.0,45328.2781,2023,1,Thursday
2023-01-06,929.0,51112.9213,2023,1,Friday
2023-01-07,954.0,53964.8515,2023,1,Saturday
2023-01-08,731.0,40226.613,2023,1,Sunday
2023-01-09,438.0,21004.5192,2023,1,Monday
2023-01-10,419.0,26581.5886,2023,1,Tuesday
2023-01-11,520.0,26676.2069,2023,1,Wednesday
2023-01-12,539.0,26523.686,2023,1,Thursday
2023-01-13,705.0,36388.604,2023,1,Friday
2023-01-14,1112.0,56422.1189,2023,1,Saturday
2023-01-15,875.0,49479.2172,2023,1,Sunday
2023-01-16,386.0,18995.7698,2023,1,Monday
2023-01-17,401.0,19398.197,2023,1,Tuesday
2023-01-18,496.0,25234.713,2023,1,Wednesday
2023-01-19,372.0,17917.6746,2023,1,Thursday
2023-01-20,720.0,37347.42479999999,2023,1,Friday
2023-01-21,1089.0,58163.65729999999,2023,1,Saturday
2023-01-22,924.0,53657.0426,2023,1,Sunday
2023-01-23,438.0,20086.5028,2023,1,Monday
2023-01-24,488.0,22886.395,2023,1,Tuesday
2023-01-25,435.0,21807.4325,2023,1,Wednesday
2023-01-26,473.0,22287.6276,2023,1,Thursday
2023-01-27,704.0,35251.408500000005,2023,1,Friday
2023-01-28,1165.0,55093.4979,2023,1,Saturday
2023-01-29,898.0,49014.2618,2023,1,Sunday
2023-01-30,414.0,19917.338,2023,1,Monday
2023-01-31,401.0,20395.5094,2023,1,Tuesday
2023-02-01,453.0,21791.8624,2023,2,Wednesday
2023-02-02,493.0,23252.4369,2023,2,Thursday
2023-02-03,669.0,33519.08,2023,2,Friday
2023-02-04,1170.0,55688.2592,2023,2,Saturday
2023-02-05,818.0,45797.1157,2023,2,Sunday
2023-02-06,435.0,20388.1167,2023,2,Monday
2023-02-07,450.0,20023.1486,2023,2,Tuesday
2023-02-08,450.0,23459.4738,2023,2,Wednesday
2023-02-09,503.0,25450.0099,2023,2,Thursday
2023-02-10,686.0,36157.8196,2023,2,Friday
2023-02-11,991.0,53046.6286,2023,2,Saturday
2023-02-12,805.0,43958.5636,2023,2,Sunday
2023-02-13,466.0,24193.0444,2023,2,Monday
2023-02-14,595.0,30534.8246,2023,2,Tuesday
2023-02-15,588.0,27588.4,2023,2,Wednesday
2023-02-16,463.0,23327.479,2023,2,Thursday
2023-02-17,689.0,34806.401000000005,2023,2,Friday
2023-02-18,1011.0,51810.437,2023,2,Saturday
2023-02-19,855.0,45591.5656,2023,2,Sunday
2023-02-20,617.0,30570.26,2023,2,Monday
2023-02-21,557.0,28381.773,2023,2,Tuesday
2023-02-22,452.0,21663.502,2023,2,Wednesday
2023-02-23,464.0,22130.4811,2023,2,Thursday
2023-02-24,748.0,35589.2012,2023,2,Friday
2023-02-25,999.0,50938.4701,2023,2,Saturday
2023-02-26,744.0,39502.0045,2023,2,Sunday
2023-02-27,426.0,19435.6148,2023,2,Monday
2023-02-28,445.0,21178.227,2023,2,Tuesday
2023-03-01,460.0,21984.0313,2023,3,Wednesday
2023-03-02,532.0,25885.4358,2023,3,Thursday
2023-03-03,805.0,37326.9813,2023,3,Friday
2023-03-04,1072.0,56132.358100000005,2023,3,Saturday
2023-03-05,925.0,49058.7006,2023,3,Sunday
2023-03-06,434.0,20049.6632,2023,3,Monday
2023-03-07,441.0,20358.5046,2023,3,Tuesday
2023-03-08,624.0,32395.5135,2023,3,Wednesday
2023-03-09,494.0,22876.2765,2023,3,Thursday
2023-03-10,799.0,35095.088,2023,3,Friday
2023-03-11,1112.0,57112.8614,2023,3,Saturday
2023-03-12,850.0,46638.2728,2023,3,Sunday
2023-03-13,388.0,18574.0142,2023,3,Monday
2023-03-14,442.0,21185.248,2023,3,Tuesday
2023-03-15,501.0,27021.1032,2023,3,Wednesday
2023-03-16,463.0,22063.8642,2023,3,Thursday
2023-03-17,786.0,39190.6025,2023,3,Friday
2023-03-18,989.0,53341.9649,2023,3,Saturday
2023-03-19,731.0,41817.81939999999,2023,3,Sunday
2023-03-20,371.0,18478.033,2023,3,Monday
2023-03-21,495.0,25924.423000000003,2023,3,Tuesday
2023-03-22,493.0,27848.7139,2023,3,Wednesday
2023-03-23,515.0,25538.3919,2023,3,Thursday
2023-03-24,797.0,39775.6996,2023,3,Friday
2023-03-25,1006.0,56821.48989999999,2023,3,Saturday
2023-03-26,937.0,52308.8041,2023,3,Sunday
2023-03-27,485.0,23579.4503,2023,3,Monday
2023-03-28,486.0,23689.267,2023,3,Tuesday
2023-03-29,544.0,25474.5008,2023,3,Wednesday
2023-03-30,560.0,27853.5047,2023,3,Thursday
2023-03-31,717.0,35038.9613,2023,3,Friday
2023-04-01,1030.0,53218.5605,2023,4,Saturday
2023-04-02,823.0,45805.4583,2023,4,Sunday
2023-04-03,558.0,19752.138000000003,2023,4,Monday
2023-04-04,465.0,23506.721,2023,4,Tuesday
2023-04-05,679.0,35546.91,2023,4,Wednesday
2023-04-06,834.0,43710.268,2023,4,Thursday
2023-04-07,1051.0,48563.1832,2023,4,Friday
2023-04-08,993.0,52590.3875,2023,4,Saturday
2023-04-09,347.0,18194.5498,2023,4,Sunday
2023-04-10,687.0,34655.2017,2023,4,Monday
2023-04-11,638.0,33939.844399999994,2023,4,Tuesday
2023-04-12,516.0,26875.8924,2023,4,Wednesday
2023-04-13,538.0,28660.3002,2023,4,Thursday
2023-04-14,949.0,45110.7097,2023,4,Friday
2023-04-15,1083.0,55549.0782,2023,4,Saturday
2023-04-16,826.0,48767.9486,2023,4,Sunday
2023-04-17,451.0,23945.2444,2023,4,Monday
2023-04-18,497.0,24286.052,2023,4,Tuesday
2023-04-19,494.0,23738.414,2023,4,Wednesday
2023-04-20,558.0,28628.9948,2023,4,Thursday
2023-04-21,752.0,39234.5044,2023,4,Friday
2023-04-22,984.0,56321.3882,2023,4,Saturday
2023-04-23,954.0,53001.529,2023,4,Sunday
2023-04-24,848.0,45195.6225,2023,4,Monday
2023-04-25,734.0,41046.9136,2023,4,Tuesday
2023-04-26,396.0,19475.3454,2023,4,Wednesday
2023-04-27,509.0,22431.8059,2023,4,Thursday
2023-04-28,728.0,36796.7306,2023,4,Friday
2023-04-29,1021.0,53106.100600000005,2023,4,Saturday
2023-04-30,930.0,51591.7948,2023,4,Sunday
2023-05-01,797.0,43892.814,2023,5,Monday
2023-05-02,509.0,24259.6613,2023,5,Tuesday
2023-05-03,593.0,28680.5372,2023,5,Wednesday
